 src/parser.c:106 parser advance scanToken code:[import],token: [import]
 src/parser.c:118 match current type:10, import-import
 src/parser.c:106 parser advance scanToken code:["std/rt"],token: [string_literal]
 src/parser.c:120 match current type:60, string_literal-import
 src/parser.c:106 parser advance scanToken code:[as],token: [as]
 src/parser.c:118 match current type:12, as-as
 src/parser.c:106 parser advance scanToken code:[rt],token: [identifier]
 src/parser.c:120 match current type:58, identifier-as
 src/parser.c:106 parser advance scanToken code:[
],token: [;]
 src/parser.c:106 parser advance scanToken code:[import],token: [import]
 src/parser.c:118 match current type:10, import-import
 src/parser.c:106 parser advance scanToken code:["std/fs/async"],token: [string_literal]
 src/parser.c:120 match current type:60, string_literal-import
 src/parser.c:106 parser advance scanToken code:[as],token: [as]
 src/parser.c:118 match current type:12, as-as
 src/parser.c:106 parser advance scanToken code:[fs],token: [identifier]
 src/parser.c:120 match current type:58, identifier-as
 src/parser.c:106 parser advance scanToken code:[
],token: [;]
 src/parser.c:106 parser advance scanToken code:[
],token: [;]
 src/parser.c:118 match current type:56, ;-;
 src/parser.c:106 parser advance scanToken code:[let],token: [var/let]
 src/parser.c:120 match current type:0, var/let-;
 src/parser.c:118 match current type:0, var/let-var/let
 src/parser.c:106 parser advance scanToken code:[loop],token: [identifier]
 src/parser.c:120 match current type:58, identifier-var/let
====+<parseVarDeclaration(1112) [loop],token:58,identifier
==== src/parser.c:106 parser advance scanToken code:[=],token: [=]
==== src/parser.c:118 match current type:30, =-=
==== src/parser.c:106 parser advance scanToken code:[rt],token: [identifier]
==== src/parser.c:120 match current type:58, identifier-=
========+<parseExpression(352) [rt],token:58,identifier
============+<parseBinaryExpr start(385) [rt],token:58,identifier
================+<parseUnaryExpr(445) [rt],token:58,identifier
====================+<parsePrimaryExpr(464) [rt],token:58,identifier
==================== src/parser.c:467 parsePrimaryExpr: prev1 code:[rt],[=][identifier]
==================== src/parser.c:118 match current type:58, identifier-identifier
==================== src/parser.c:106 parser advance scanToken code:[.],token: [.]
==================== src/parser.c:120 match current type:49, .-identifier
==================== src/parser.c:568 parsePrimaryExpr: current code:[.],[identifier]
==================== src/parser.c:118 match current type:49, .-.
==================== src/parser.c:106 parser advance scanToken code:[Rt],token: [identifier]
==================== src/parser.c:120 match current type:58, identifier-.
==================== src/parser.c:106 parser advance scanToken code:[.],token: [.]
==================== src/parser.c:118 match current type:49, .-.
==================== src/parser.c:106 parser advance scanToken code:[loopCreate],token: [identifier]
==================== src/parser.c:120 match current type:58, identifier-.
==================== src/parser.c:106 parser advance scanToken code:[(],token: [(]
==================== src/parser.c:118 match current type:50, (-(
==================== src/parser.c:106 parser advance scanToken code:[)],token: [)]
==================== src/parser.c:120 match current type:51, )-(
========================+<finishCall(662) [)],token:51,)
======================== src/parser.c:106 parser advance scanToken code:[
],token: [;]
========================-/>finishCall(678) [
],token:56,;
====================-/>parsePrimaryExpr(657) [
],token:56,;
================-/>parseUnaryExpr(459) [
],token:56,;
============ src/parser.c:387 parseBinaryExpr: left type:5
============ src/parser.c:413 parseBinaryExpr: current token: ;/56, prec: 0, minPrec: 0
============ src/parser.c:421 parseBinaryExpr: breaking with current token: ;
============-/>parseBinaryExpr(440) [
],token:56,;
======== src/parser.c:355 parseExpression first type:5
exprType-5{exprType-9{Unknown expression type, 9
}()}======== src/parser.c:359 parser->current.type = ;
======== src/parser.c:379 parseExpression end type:5
========-/>parseExpression(380) [
],token:56,;
==== src/parser.c:106 parser advance scanToken code:[assert],token: [identifier]
====-/>parseVarDeclaration(1229) [assert],token:58,identifier
 src/parser.c:106 parser advance scanToken code:[(],token: [(]
====+<parseExpressionStatement(1068) [assert],token:58,identifier
========+<parseExpression(352) [assert],token:58,identifier
============+<parseBinaryExpr start(385) [assert],token:58,identifier
================+<parseUnaryExpr(445) [assert],token:58,identifier
====================+<parsePrimaryExpr(464) [assert],token:58,identifier
==================== src/parser.c:467 parsePrimaryExpr: prev1 code:[assert],[identifier][identifier]
==================== src/parser.c:118 match current type:58, identifier-identifier
==================== src/parser.c:106 parser advance scanToken code:[(],token: [(]
==================== src/parser.c:120 match current type:50, (-identifier
==================== src/parser.c:568 parsePrimaryExpr: current code:[(],[identifier]
==================== src/parser.c:118 match current type:50, (-(
==================== src/parser.c:106 parser advance scanToken code:[loop],token: [identifier]
==================== src/parser.c:120 match current type:58, identifier-(
========================+<finishCall(662) [loop],token:58,identifier
============================+<parseExpression(352) [loop],token:58,identifier
================================+<parseBinaryExpr start(385) [loop],token:58,identifier
====================================+<parseUnaryExpr(445) [loop],token:58,identifier
========================================+<parsePrimaryExpr(464) [loop],token:58,identifier
======================================== src/parser.c:467 parsePrimaryExpr: prev1 code:[loop],[(][identifier]
======================================== src/parser.c:118 match current type:58, identifier-identifier
======================================== src/parser.c:106 parser advance scanToken code:[!=],token: [!=]
======================================== src/parser.c:120 match current type:46, !=-identifier
======================================== src/parser.c:568 parsePrimaryExpr: current code:[!=],[identifier]
========================================-/>parsePrimaryExpr(657) [!=],token:46,!=
====================================-/>parseUnaryExpr(459) [!=],token:46,!=
================================ src/parser.c:387 parseBinaryExpr: left type:3
================================ src/parser.c:413 parseBinaryExpr: current token: !=/46, prec: 4, minPrec: 0
================================ src/parser.c:106 parser advance scanToken code:[null],token: [null]
================================ src/parser.c:433 parseBinaryExpr: parse right expr start, op type:46
====================================+<parseBinaryExpr start(385) [null],token:27,null
========================================+<parseUnaryExpr(445) [null],token:27,null
============================================+<parsePrimaryExpr(464) [null],token:27,null
============================================ src/parser.c:467 parsePrimaryExpr: prev1 code:[null],[!=][null]
============================================ src/parser.c:118 match current type:27, null-null
============================================ src/parser.c:106 parser advance scanToken code:[)],token: [)]
============================================ src/parser.c:120 match current type:51, )-null
============================================-/>parsePrimaryExpr(657) [)],token:51,)
========================================-/>parseUnaryExpr(459) [)],token:51,)
==================================== src/parser.c:387 parseBinaryExpr: left type:2
==================================== src/parser.c:413 parseBinaryExpr: current token: )/51, prec: 0, minPrec: 5
==================================== src/parser.c:421 parseBinaryExpr: breaking with current token: )
====================================-/>parseBinaryExpr(440) [)],token:51,)
================================ src/parser.c:438 parseBinaryExpr last: left type:0, operator:!=/!= right type:2, parser current token:)/51
================================ src/parser.c:413 parseBinaryExpr: current token: )/51, prec: 0, minPrec: 0
================================ src/parser.c:421 parseBinaryExpr: breaking with current token: )
================================-/>parseBinaryExpr(440) [)],token:51,)
============================ src/parser.c:355 parseExpression first type:0
exprType-0{(exprType-3{loop} != exprType-2{LITERAL->27 null})}============================ src/parser.c:359 parser->current.type = )
============================ src/parser.c:379 parseExpression end type:0
============================-/>parseExpression(380) [)],token:51,)
======================== src/parser.c:106 parser advance scanToken code:[
],token: [;]
========================-/>finishCall(678) [
],token:56,;
====================-/>parsePrimaryExpr(657) [
],token:56,;
================-/>parseUnaryExpr(459) [
],token:56,;
============ src/parser.c:387 parseBinaryExpr: left type:5
============ src/parser.c:413 parseBinaryExpr: current token: ;/56, prec: 0, minPrec: 0
============ src/parser.c:421 parseBinaryExpr: breaking with current token: ;
============-/>parseBinaryExpr(440) [
],token:56,;
======== src/parser.c:355 parseExpression first type:5
exprType-5{exprType-3{assert}(exprType-0{(exprType-3{loop} != exprType-2{LITERAL->27 null})})}======== src/parser.c:359 parser->current.type = ;
======== src/parser.c:379 parseExpression end type:5
========-/>parseExpression(380) [
],token:56,;
==== src/parser.c:1074 expr type: [5]
==== src/parser.c:106 parser advance scanToken code:[
],token: [;]
====-/>parseExpressionStatement(1081) [
],token:56,;
 src/parser.c:118 match current type:56, ;-;
 src/parser.c:106 parser advance scanToken code:[let],token: [var/let]
 src/parser.c:120 match current type:0, var/let-;
 src/parser.c:118 match current type:0, var/let-var/let
 src/parser.c:106 parser advance scanToken code:[wq],token: [identifier]
 src/parser.c:120 match current type:58, identifier-var/let
====+<parseVarDeclaration(1112) [wq],token:58,identifier
==== src/parser.c:106 parser advance scanToken code:[=],token: [=]
==== src/parser.c:118 match current type:30, =-=
==== src/parser.c:106 parser advance scanToken code:[rt],token: [identifier]
==== src/parser.c:120 match current type:58, identifier-=
========+<parseExpression(352) [rt],token:58,identifier
============+<parseBinaryExpr start(385) [rt],token:58,identifier
================+<parseUnaryExpr(445) [rt],token:58,identifier
====================+<parsePrimaryExpr(464) [rt],token:58,identifier
==================== src/parser.c:467 parsePrimaryExpr: prev1 code:[rt],[=][identifier]
==================== src/parser.c:118 match current type:58, identifier-identifier
==================== src/parser.c:106 parser advance scanToken code:[.],token: [.]
==================== src/parser.c:120 match current type:49, .-identifier
==================== src/parser.c:568 parsePrimaryExpr: current code:[.],[identifier]
==================== src/parser.c:118 match current type:49, .-.
==================== src/parser.c:106 parser advance scanToken code:[Rt],token: [identifier]
==================== src/parser.c:120 match current type:58, identifier-.
==================== src/parser.c:106 parser advance scanToken code:[.],token: [.]
==================== src/parser.c:118 match current type:49, .-.
==================== src/parser.c:106 parser advance scanToken code:[workqueueCreate],token: [identifier]
==================== src/parser.c:120 match current type:58, identifier-.
==================== src/parser.c:106 parser advance scanToken code:[(],token: [(]
==================== src/parser.c:118 match current type:50, (-(
==================== src/parser.c:106 parser advance scanToken code:[1],token: [int]
==================== src/parser.c:120 match current type:21, int-(
========================+<finishCall(662) [1],token:21,int
============================+<parseExpression(352) [1],token:21,int
================================+<parseBinaryExpr start(385) [1],token:21,int
====================================+<parseUnaryExpr(445) [1],token:21,int
========================================+<parsePrimaryExpr(464) [1],token:21,int
======================================== src/parser.c:467 parsePrimaryExpr: prev1 code:[1],[(][int]
======================================== src/parser.c:118 match current type:21, int-int
======================================== src/parser.c:106 parser advance scanToken code:[)],token: [)]
======================================== src/parser.c:120 match current type:51, )-int
========================================-/>parsePrimaryExpr(657) [)],token:51,)
====================================-/>parseUnaryExpr(459) [)],token:51,)
================================ src/parser.c:387 parseBinaryExpr: left type:2
================================ src/parser.c:413 parseBinaryExpr: current token: )/51, prec: 0, minPrec: 0
================================ src/parser.c:421 parseBinaryExpr: breaking with current token: )
================================-/>parseBinaryExpr(440) [)],token:51,)
============================ src/parser.c:355 parseExpression first type:2
exprType-2{LITERAL->21 1}============================ src/parser.c:359 parser->current.type = )
============================ src/parser.c:379 parseExpression end type:2
============================-/>parseExpression(380) [)],token:51,)
======================== src/parser.c:106 parser advance scanToken code:[
],token: [;]
========================-/>finishCall(678) [
],token:56,;
====================-/>parsePrimaryExpr(657) [
],token:56,;
================-/>parseUnaryExpr(459) [
],token:56,;
============ src/parser.c:387 parseBinaryExpr: left type:5
============ src/parser.c:413 parseBinaryExpr: current token: ;/56, prec: 0, minPrec: 0
============ src/parser.c:421 parseBinaryExpr: breaking with current token: ;
============-/>parseBinaryExpr(440) [
],token:56,;
======== src/parser.c:355 parseExpression first type:5
exprType-5{exprType-9{Unknown expression type, 9
}(exprType-2{LITERAL->21 1})}======== src/parser.c:359 parser->current.type = ;
======== src/parser.c:379 parseExpression end type:5
========-/>parseExpression(380) [
],token:56,;
==== src/parser.c:106 parser advance scanToken code:[assert],token: [identifier]
====-/>parseVarDeclaration(1229) [assert],token:58,identifier
 src/parser.c:106 parser advance scanToken code:[(],token: [(]
====+<parseExpressionStatement(1068) [assert],token:58,identifier
========+<parseExpression(352) [assert],token:58,identifier
============+<parseBinaryExpr start(385) [assert],token:58,identifier
================+<parseUnaryExpr(445) [assert],token:58,identifier
====================+<parsePrimaryExpr(464) [assert],token:58,identifier
==================== src/parser.c:467 parsePrimaryExpr: prev1 code:[assert],[identifier][identifier]
==================== src/parser.c:118 match current type:58, identifier-identifier
==================== src/parser.c:106 parser advance scanToken code:[(],token: [(]
==================== src/parser.c:120 match current type:50, (-identifier
==================== src/parser.c:568 parsePrimaryExpr: current code:[(],[identifier]
==================== src/parser.c:118 match current type:50, (-(
==================== src/parser.c:106 parser advance scanToken code:[wq],token: [identifier]
==================== src/parser.c:120 match current type:58, identifier-(
========================+<finishCall(662) [wq],token:58,identifier
============================+<parseExpression(352) [wq],token:58,identifier
================================+<parseBinaryExpr start(385) [wq],token:58,identifier
====================================+<parseUnaryExpr(445) [wq],token:58,identifier
========================================+<parsePrimaryExpr(464) [wq],token:58,identifier
======================================== src/parser.c:467 parsePrimaryExpr: prev1 code:[wq],[(][identifier]
======================================== src/parser.c:118 match current type:58, identifier-identifier
======================================== src/parser.c:106 parser advance scanToken code:[!=],token: [!=]
======================================== src/parser.c:120 match current type:46, !=-identifier
======================================== src/parser.c:568 parsePrimaryExpr: current code:[!=],[identifier]
========================================-/>parsePrimaryExpr(657) [!=],token:46,!=
====================================-/>parseUnaryExpr(459) [!=],token:46,!=
================================ src/parser.c:387 parseBinaryExpr: left type:3
================================ src/parser.c:413 parseBinaryExpr: current token: !=/46, prec: 4, minPrec: 0
================================ src/parser.c:106 parser advance scanToken code:[null],token: [null]
================================ src/parser.c:433 parseBinaryExpr: parse right expr start, op type:46
====================================+<parseBinaryExpr start(385) [null],token:27,null
========================================+<parseUnaryExpr(445) [null],token:27,null
============================================+<parsePrimaryExpr(464) [null],token:27,null
============================================ src/parser.c:467 parsePrimaryExpr: prev1 code:[null],[!=][null]
============================================ src/parser.c:118 match current type:27, null-null
============================================ src/parser.c:106 parser advance scanToken code:[)],token: [)]
============================================ src/parser.c:120 match current type:51, )-null
============================================-/>parsePrimaryExpr(657) [)],token:51,)
========================================-/>parseUnaryExpr(459) [)],token:51,)
==================================== src/parser.c:387 parseBinaryExpr: left type:2
==================================== src/parser.c:413 parseBinaryExpr: current token: )/51, prec: 0, minPrec: 5
==================================== src/parser.c:421 parseBinaryExpr: breaking with current token: )
====================================-/>parseBinaryExpr(440) [)],token:51,)
================================ src/parser.c:438 parseBinaryExpr last: left type:0, operator:!=/!= right type:2, parser current token:)/51
================================ src/parser.c:413 parseBinaryExpr: current token: )/51, prec: 0, minPrec: 0
================================ src/parser.c:421 parseBinaryExpr: breaking with current token: )
================================-/>parseBinaryExpr(440) [)],token:51,)
============================ src/parser.c:355 parseExpression first type:0
exprType-0{(exprType-3{wq} != exprType-2{LITERAL->27 null})}============================ src/parser.c:359 parser->current.type = )
============================ src/parser.c:379 parseExpression end type:0
============================-/>parseExpression(380) [)],token:51,)
======================== src/parser.c:106 parser advance scanToken code:[
],token: [;]
========================-/>finishCall(678) [
],token:56,;
====================-/>parsePrimaryExpr(657) [
],token:56,;
================-/>parseUnaryExpr(459) [
],token:56,;
============ src/parser.c:387 parseBinaryExpr: left type:5
============ src/parser.c:413 parseBinaryExpr: current token: ;/56, prec: 0, minPrec: 0
============ src/parser.c:421 parseBinaryExpr: breaking with current token: ;
============-/>parseBinaryExpr(440) [
],token:56,;
======== src/parser.c:355 parseExpression first type:5
exprType-5{exprType-3{assert}(exprType-0{(exprType-3{wq} != exprType-2{LITERAL->27 null})})}======== src/parser.c:359 parser->current.type = ;
======== src/parser.c:379 parseExpression end type:5
========-/>parseExpression(380) [
],token:56,;
==== src/parser.c:1074 expr type: [5]
==== src/parser.c:106 parser advance scanToken code:[
],token: [;]
====-/>parseExpressionStatement(1081) [
],token:56,;
 src/parser.c:118 match current type:56, ;-;
 src/parser.c:106 parser advance scanToken code:[let],token: [var/let]
 src/parser.c:120 match current type:0, var/let-;
 src/parser.c:118 match current type:0, var/let-var/let
 src/parser.c:106 parser advance scanToken code:[ok],token: [identifier]
 src/parser.c:120 match current type:58, identifier-var/let
====+<parseVarDeclaration(1112) [ok],token:58,identifier
==== src/parser.c:106 parser advance scanToken code:[=],token: [=]
==== src/parser.c:118 match current type:30, =-=
==== src/parser.c:106 parser advance scanToken code:[0],token: [int]
==== src/parser.c:120 match current type:21, int-=
========+<parseExpression(352) [0],token:21,int
============+<parseBinaryExpr start(385) [0],token:21,int
================+<parseUnaryExpr(445) [0],token:21,int
====================+<parsePrimaryExpr(464) [0],token:21,int
==================== src/parser.c:467 parsePrimaryExpr: prev1 code:[0],[=][int]
==================== src/parser.c:118 match current type:21, int-int
==================== src/parser.c:106 parser advance scanToken code:[
],token: [;]
==================== src/parser.c:120 match current type:56, ;-int
====================-/>parsePrimaryExpr(657) [
],token:56,;
================-/>parseUnaryExpr(459) [
],token:56,;
============ src/parser.c:387 parseBinaryExpr: left type:2
============ src/parser.c:413 parseBinaryExpr: current token: ;/56, prec: 0, minPrec: 0
============ src/parser.c:421 parseBinaryExpr: breaking with current token: ;
============-/>parseBinaryExpr(440) [
],token:56,;
======== src/parser.c:355 parseExpression first type:2
exprType-2{LITERAL->21 0}======== src/parser.c:359 parser->current.type = ;
======== src/parser.c:379 parseExpression end type:2
========-/>parseExpression(380) [
],token:56,;
==== src/parser.c:106 parser advance scanToken code:[
],token: [;]
====-/>parseVarDeclaration(1229) [
],token:56,;
 src/parser.c:118 match current type:56, ;-;
 src/parser.c:106 parser advance scanToken code:[fs],token: [identifier]
 src/parser.c:120 match current type:58, identifier-;
 src/parser.c:106 parser advance scanToken code:[.],token: [.]
====+<parseStatement(683) [fs],token:58,identifier
==== src/parser.c:106 parser advance scanToken code:[.],token: [.]
========+<parseExpressionStatement(1068) [fs],token:58,identifier
============+<parseExpression(352) [fs],token:58,identifier
================+<parseBinaryExpr start(385) [fs],token:58,identifier
====================+<parseUnaryExpr(445) [fs],token:58,identifier
========================+<parsePrimaryExpr(464) [fs],token:58,identifier
======================== src/parser.c:467 parsePrimaryExpr: prev1 code:[fs],[identifier][identifier]
======================== src/parser.c:118 match current type:58, identifier-identifier
======================== src/parser.c:106 parser advance scanToken code:[.],token: [.]
======================== src/parser.c:120 match current type:49, .-identifier
======================== src/parser.c:568 parsePrimaryExpr: current code:[.],[identifier]
======================== src/parser.c:118 match current type:49, .-.
======================== src/parser.c:106 parser advance scanToken code:[FsAsync],token: [identifier]
======================== src/parser.c:120 match current type:58, identifier-.
======================== src/parser.c:106 parser advance scanToken code:[.],token: [.]
======================== src/parser.c:118 match current type:49, .-.
======================== src/parser.c:106 parser advance scanToken code:[readFile],token: [identifier]
======================== src/parser.c:120 match current type:58, identifier-.
======================== src/parser.c:106 parser advance scanToken code:[(],token: [(]
======================== src/parser.c:118 match current type:50, (-(
======================== src/parser.c:106 parser advance scanToken code:[loop],token: [identifier]
======================== src/parser.c:120 match current type:58, identifier-(
============================+<finishCall(662) [loop],token:58,identifier
================================+<parseExpression(352) [loop],token:58,identifier
====================================+<parseBinaryExpr start(385) [loop],token:58,identifier
========================================+<parseUnaryExpr(445) [loop],token:58,identifier
============================================+<parsePrimaryExpr(464) [loop],token:58,identifier
============================================ src/parser.c:467 parsePrimaryExpr: prev1 code:[loop],[(][identifier]
============================================ src/parser.c:118 match current type:58, identifier-identifier
============================================ src/parser.c:106 parser advance scanToken code:[,],token: [,]
============================================ src/parser.c:120 match current type:57, ,-identifier
============================================ src/parser.c:568 parsePrimaryExpr: current code:[,],[identifier]
============================================-/>parsePrimaryExpr(657) [,],token:57,,
========================================-/>parseUnaryExpr(459) [,],token:57,,
==================================== src/parser.c:387 parseBinaryExpr: left type:3
==================================== src/parser.c:413 parseBinaryExpr: current token: ,/57, prec: 0, minPrec: 0
==================================== src/parser.c:421 parseBinaryExpr: breaking with current token: ,
====================================-/>parseBinaryExpr(440) [,],token:57,,
================================ src/parser.c:355 parseExpression first type:3
exprType-3{loop}================================ src/parser.c:359 parser->current.type = ,
================================ src/parser.c:379 parseExpression end type:3
================================-/>parseExpression(380) [,],token:57,,
============================ src/parser.c:118 match current type:57, ,-,
============================ src/parser.c:106 parser advance scanToken code:[wq],token: [identifier]
============================ src/parser.c:120 match current type:58, identifier-,
================================+<parseExpression(352) [wq],token:58,identifier
====================================+<parseBinaryExpr start(385) [wq],token:58,identifier
========================================+<parseUnaryExpr(445) [wq],token:58,identifier
============================================+<parsePrimaryExpr(464) [wq],token:58,identifier
============================================ src/parser.c:467 parsePrimaryExpr: prev1 code:[wq],[,][identifier]
============================================ src/parser.c:118 match current type:58, identifier-identifier
============================================ src/parser.c:106 parser advance scanToken code:[,],token: [,]
============================================ src/parser.c:120 match current type:57, ,-identifier
============================================ src/parser.c:568 parsePrimaryExpr: current code:[,],[identifier]
============================================-/>parsePrimaryExpr(657) [,],token:57,,
========================================-/>parseUnaryExpr(459) [,],token:57,,
==================================== src/parser.c:387 parseBinaryExpr: left type:3
==================================== src/parser.c:413 parseBinaryExpr: current token: ,/57, prec: 0, minPrec: 0
==================================== src/parser.c:421 parseBinaryExpr: breaking with current token: ,
====================================-/>parseBinaryExpr(440) [,],token:57,,
================================ src/parser.c:355 parseExpression first type:3
exprType-3{wq}================================ src/parser.c:359 parser->current.type = ,
================================ src/parser.c:379 parseExpression end type:3
================================-/>parseExpression(380) [,],token:57,,
============================ src/parser.c:118 match current type:57, ,-,
============================ src/parser.c:106 parser advance scanToken code:["README.md"],token: [string_literal]
============================ src/parser.c:120 match current type:60, string_literal-,
================================+<parseExpression(352) ["README.md"],token:60,string_literal
====================================+<parseBinaryExpr start(385) ["README.md"],token:60,string_literal
========================================+<parseUnaryExpr(445) ["README.md"],token:60,string_literal
============================================+<parsePrimaryExpr(464) ["README.md"],token:60,string_literal
============================================ src/parser.c:467 parsePrimaryExpr: prev1 code:["README.md"],[,][string_literal]
============================================ src/parser.c:118 match current type:60, string_literal-string_literal
============================================ src/parser.c:106 parser advance scanToken code:[,],token: [,]
============================================ src/parser.c:120 match current type:57, ,-string_literal
============================================-/>parsePrimaryExpr(657) [,],token:57,,
========================================-/>parseUnaryExpr(459) [,],token:57,,
==================================== src/parser.c:387 parseBinaryExpr: left type:2
==================================== src/parser.c:413 parseBinaryExpr: current token: ,/57, prec: 0, minPrec: 0
==================================== src/parser.c:421 parseBinaryExpr: breaking with current token: ,
====================================-/>parseBinaryExpr(440) [,],token:57,,
================================ src/parser.c:355 parseExpression first type:2
exprType-2{LITERAL->60 "README.md"}================================ src/parser.c:359 parser->current.type = ,
================================ src/parser.c:379 parseExpression end type:2
================================-/>parseExpression(380) [,],token:57,,
============================ src/parser.c:118 match current type:57, ,-,
============================ src/parser.c:106 parser advance scanToken code:[fn],token: [func/fn]
============================ src/parser.c:120 match current type:13, func/fn-,
================================+<parseExpression(352) [fn],token:13,func/fn
====================================+<parseBinaryExpr start(385) [fn],token:13,func/fn
========================================+<parseUnaryExpr(445) [fn],token:13,func/fn
============================================+<parsePrimaryExpr(464) [fn],token:13,func/fn
============================================ src/parser.c:467 parsePrimaryExpr: prev1 code:[fn],[,][func/fn]
============================================ src/parser.c:118 match current type:13, func/fn-func/fn
============================================ src/parser.c:106 parser advance scanToken code:[(],token: [(]
============================================ src/parser.c:120 match current type:50, (-func/fn
============================================ src/parser.c:106 parser advance scanToken code:[err],token: [identifier]
============================================ src/parser.c:106 parser advance scanToken code:[:],token: [:]
============================================ src/parser.c:118 match current type:44, :-:
============================================ src/parser.c:106 parser advance scanToken code:[int],token: [int]
============================================ src/parser.c:120 match current type:21, int-:
============================================ src/parser.c:118 match current type:21, int-int
============================================ src/parser.c:106 parser advance scanToken code:[,],token: [,]
============================================ src/parser.c:120 match current type:57, ,-int
============================================ src/parser.c:118 match current type:57, ,-,
============================================ src/parser.c:106 parser advance scanToken code:[data],token: [identifier]
============================================ src/parser.c:120 match current type:58, identifier-,
============================================ src/parser.c:106 parser advance scanToken code:[:],token: [:]
============================================ src/parser.c:118 match current type:44, :-:
============================================ src/parser.c:106 parser advance scanToken code:[string],token: [string]
============================================ src/parser.c:120 match current type:25, string-:
============================================ src/parser.c:118 match current type:25, string-string
============================================ src/parser.c:106 parser advance scanToken code:[,],token: [,]
============================================ src/parser.c:120 match current type:57, ,-string
============================================ src/parser.c:118 match current type:57, ,-,
============================================ src/parser.c:106 parser advance scanToken code:[n],token: [identifier]
============================================ src/parser.c:120 match current type:58, identifier-,
============================================ src/parser.c:106 parser advance scanToken code:[:],token: [:]
============================================ src/parser.c:118 match current type:44, :-:
============================================ src/parser.c:106 parser advance scanToken code:[int],token: [int]
============================================ src/parser.c:120 match current type:21, int-:
============================================ src/parser.c:118 match current type:21, int-int
============================================ src/parser.c:106 parser advance scanToken code:[)],token: [)]
============================================ src/parser.c:120 match current type:51, )-int
============================================ src/parser.c:106 parser advance scanToken code:[{],token: [{]
============================================ src/parser.c:106 parser advance scanToken code:[
],token: [;]
============================================ src/parser.c:118 match current type:56, ;-;
============================================ src/parser.c:106 parser advance scanToken code:[assert],token: [identifier]
============================================ src/parser.c:120 match current type:58, identifier-;
============================================ src/parser.c:106 parser advance scanToken code:[(],token: [(]
================================================+<parseExpressionStatement(1068) [assert],token:58,identifier
====================================================+<parseExpression(352) [assert],token:58,identifier
========================================================+<parseBinaryExpr start(385) [assert],token:58,identifier
============================================================+<parseUnaryExpr(445) [assert],token:58,identifier
================================================================+<parsePrimaryExpr(464) [assert],token:58,identifier
================================================================ src/parser.c:467 parsePrimaryExpr: prev1 code:[assert],[identifier][identifier]
================================================================ src/parser.c:118 match current type:58, identifier-identifier
================================================================ src/parser.c:106 parser advance scanToken code:[(],token: [(]
================================================================ src/parser.c:120 match current type:50, (-identifier
================================================================ src/parser.c:568 parsePrimaryExpr: current code:[(],[identifier]
================================================================ src/parser.c:118 match current type:50, (-(
================================================================ src/parser.c:106 parser advance scanToken code:[err],token: [identifier]
================================================================ src/parser.c:120 match current type:58, identifier-(
====================================================================+<finishCall(662) [err],token:58,identifier
========================================================================+<parseExpression(352) [err],token:58,identifier
============================================================================+<parseBinaryExpr start(385) [err],token:58,identifier
================================================================================+<parseUnaryExpr(445) [err],token:58,identifier
====================================================================================+<parsePrimaryExpr(464) [err],token:58,identifier
==================================================================================== src/parser.c:467 parsePrimaryExpr: prev1 code:[err],[(][identifier]
==================================================================================== src/parser.c:118 match current type:58, identifier-identifier
==================================================================================== src/parser.c:106 parser advance scanToken code:[==],token: [==]
==================================================================================== src/parser.c:120 match current type:45, ==-identifier
==================================================================================== src/parser.c:568 parsePrimaryExpr: current code:[==],[identifier]
====================================================================================-/>parsePrimaryExpr(657) [==],token:45,==
================================================================================-/>parseUnaryExpr(459) [==],token:45,==
============================================================================ src/parser.c:387 parseBinaryExpr: left type:3
============================================================================ src/parser.c:413 parseBinaryExpr: current token: ==/45, prec: 4, minPrec: 0
============================================================================ src/parser.c:106 parser advance scanToken code:[0],token: [int]
============================================================================ src/parser.c:433 parseBinaryExpr: parse right expr start, op type:45
================================================================================+<parseBinaryExpr start(385) [0],token:21,int
====================================================================================+<parseUnaryExpr(445) [0],token:21,int
========================================================================================+<parsePrimaryExpr(464) [0],token:21,int
======================================================================================== src/parser.c:467 parsePrimaryExpr: prev1 code:[0],[==][int]
======================================================================================== src/parser.c:118 match current type:21, int-int
======================================================================================== src/parser.c:106 parser advance scanToken code:[)],token: [)]
======================================================================================== src/parser.c:120 match current type:51, )-int
========================================================================================-/>parsePrimaryExpr(657) [)],token:51,)
====================================================================================-/>parseUnaryExpr(459) [)],token:51,)
================================================================================ src/parser.c:387 parseBinaryExpr: left type:2
================================================================================ src/parser.c:413 parseBinaryExpr: current token: )/51, prec: 0, minPrec: 5
================================================================================ src/parser.c:421 parseBinaryExpr: breaking with current token: )
================================================================================-/>parseBinaryExpr(440) [)],token:51,)
============================================================================ src/parser.c:438 parseBinaryExpr last: left type:0, operator:==/== right type:2, parser current token:)/51
============================================================================ src/parser.c:413 parseBinaryExpr: current token: )/51, prec: 0, minPrec: 0
============================================================================ src/parser.c:421 parseBinaryExpr: breaking with current token: )
============================================================================-/>parseBinaryExpr(440) [)],token:51,)
======================================================================== src/parser.c:355 parseExpression first type:0
exprType-0{(exprType-3{err} == exprType-2{LITERAL->21 0})}======================================================================== src/parser.c:359 parser->current.type = )
======================================================================== src/parser.c:379 parseExpression end type:0
========================================================================-/>parseExpression(380) [)],token:51,)
==================================================================== src/parser.c:106 parser advance scanToken code:[
],token: [;]
====================================================================-/>finishCall(678) [
],token:56,;
================================================================-/>parsePrimaryExpr(657) [
],token:56,;
============================================================-/>parseUnaryExpr(459) [
],token:56,;
======================================================== src/parser.c:387 parseBinaryExpr: left type:5
======================================================== src/parser.c:413 parseBinaryExpr: current token: ;/56, prec: 0, minPrec: 0
======================================================== src/parser.c:421 parseBinaryExpr: breaking with current token: ;
========================================================-/>parseBinaryExpr(440) [
],token:56,;
==================================================== src/parser.c:355 parseExpression first type:5
exprType-5{exprType-3{assert}(exprType-0{(exprType-3{err} == exprType-2{LITERAL->21 0})})}==================================================== src/parser.c:359 parser->current.type = ;
==================================================== src/parser.c:379 parseExpression end type:5
====================================================-/>parseExpression(380) [
],token:56,;
================================================ src/parser.c:1074 expr type: [5]
================================================ src/parser.c:106 parser advance scanToken code:[assert],token: [identifier]
================================================-/>parseExpressionStatement(1081) [assert],token:58,identifier
============================================ src/parser.c:106 parser advance scanToken code:[(],token: [(]
================================================+<parseExpressionStatement(1068) [assert],token:58,identifier
====================================================+<parseExpression(352) [assert],token:58,identifier
========================================================+<parseBinaryExpr start(385) [assert],token:58,identifier
============================================================+<parseUnaryExpr(445) [assert],token:58,identifier
================================================================+<parsePrimaryExpr(464) [assert],token:58,identifier
================================================================ src/parser.c:467 parsePrimaryExpr: prev1 code:[assert],[identifier][identifier]
================================================================ src/parser.c:118 match current type:58, identifier-identifier
================================================================ src/parser.c:106 parser advance scanToken code:[(],token: [(]
================================================================ src/parser.c:120 match current type:50, (-identifier
================================================================ src/parser.c:568 parsePrimaryExpr: current code:[(],[identifier]
================================================================ src/parser.c:118 match current type:50, (-(
================================================================ src/parser.c:106 parser advance scanToken code:[data],token: [identifier]
================================================================ src/parser.c:120 match current type:58, identifier-(
====================================================================+<finishCall(662) [data],token:58,identifier
========================================================================+<parseExpression(352) [data],token:58,identifier
============================================================================+<parseBinaryExpr start(385) [data],token:58,identifier
================================================================================+<parseUnaryExpr(445) [data],token:58,identifier
====================================================================================+<parsePrimaryExpr(464) [data],token:58,identifier
==================================================================================== src/parser.c:467 parsePrimaryExpr: prev1 code:[data],[(][identifier]
==================================================================================== src/parser.c:118 match current type:58, identifier-identifier
==================================================================================== src/parser.c:106 parser advance scanToken code:[!=],token: [!=]
==================================================================================== src/parser.c:120 match current type:46, !=-identifier
==================================================================================== src/parser.c:568 parsePrimaryExpr: current code:[!=],[identifier]
====================================================================================-/>parsePrimaryExpr(657) [!=],token:46,!=
================================================================================-/>parseUnaryExpr(459) [!=],token:46,!=
============================================================================ src/parser.c:387 parseBinaryExpr: left type:3
============================================================================ src/parser.c:413 parseBinaryExpr: current token: !=/46, prec: 4, minPrec: 0
============================================================================ src/parser.c:106 parser advance scanToken code:[null],token: [null]
============================================================================ src/parser.c:433 parseBinaryExpr: parse right expr start, op type:46
================================================================================+<parseBinaryExpr start(385) [null],token:27,null
====================================================================================+<parseUnaryExpr(445) [null],token:27,null
========================================================================================+<parsePrimaryExpr(464) [null],token:27,null
======================================================================================== src/parser.c:467 parsePrimaryExpr: prev1 code:[null],[!=][null]
======================================================================================== src/parser.c:118 match current type:27, null-null
======================================================================================== src/parser.c:106 parser advance scanToken code:[)],token: [)]
======================================================================================== src/parser.c:120 match current type:51, )-null
========================================================================================-/>parsePrimaryExpr(657) [)],token:51,)
====================================================================================-/>parseUnaryExpr(459) [)],token:51,)
================================================================================ src/parser.c:387 parseBinaryExpr: left type:2
================================================================================ src/parser.c:413 parseBinaryExpr: current token: )/51, prec: 0, minPrec: 5
================================================================================ src/parser.c:421 parseBinaryExpr: breaking with current token: )
================================================================================-/>parseBinaryExpr(440) [)],token:51,)
============================================================================ src/parser.c:438 parseBinaryExpr last: left type:0, operator:!=/!= right type:2, parser current token:)/51
============================================================================ src/parser.c:413 parseBinaryExpr: current token: )/51, prec: 0, minPrec: 0
============================================================================ src/parser.c:421 parseBinaryExpr: breaking with current token: )
============================================================================-/>parseBinaryExpr(440) [)],token:51,)
======================================================================== src/parser.c:355 parseExpression first type:0
exprType-0{(exprType-3{data} != exprType-2{LITERAL->27 null})}======================================================================== src/parser.c:359 parser->current.type = )
======================================================================== src/parser.c:379 parseExpression end type:0
========================================================================-/>parseExpression(380) [)],token:51,)
==================================================================== src/parser.c:106 parser advance scanToken code:[
],token: [;]
====================================================================-/>finishCall(678) [
],token:56,;
================================================================-/>parsePrimaryExpr(657) [
],token:56,;
============================================================-/>parseUnaryExpr(459) [
],token:56,;
======================================================== src/parser.c:387 parseBinaryExpr: left type:5
======================================================== src/parser.c:413 parseBinaryExpr: current token: ;/56, prec: 0, minPrec: 0
======================================================== src/parser.c:421 parseBinaryExpr: breaking with current token: ;
========================================================-/>parseBinaryExpr(440) [
],token:56,;
==================================================== src/parser.c:355 parseExpression first type:5
exprType-5{exprType-3{assert}(exprType-0{(exprType-3{data} != exprType-2{LITERAL->27 null})})}==================================================== src/parser.c:359 parser->current.type = ;
==================================================== src/parser.c:379 parseExpression end type:5
====================================================-/>parseExpression(380) [
],token:56,;
================================================ src/parser.c:1074 expr type: [5]
================================================ src/parser.c:106 parser advance scanToken code:[assert],token: [identifier]
================================================-/>parseExpressionStatement(1081) [assert],token:58,identifier
============================================ src/parser.c:106 parser advance scanToken code:[(],token: [(]
================================================+<parseExpressionStatement(1068) [assert],token:58,identifier
====================================================+<parseExpression(352) [assert],token:58,identifier
========================================================+<parseBinaryExpr start(385) [assert],token:58,identifier
============================================================+<parseUnaryExpr(445) [assert],token:58,identifier
================================================================+<parsePrimaryExpr(464) [assert],token:58,identifier
================================================================ src/parser.c:467 parsePrimaryExpr: prev1 code:[assert],[identifier][identifier]
================================================================ src/parser.c:118 match current type:58, identifier-identifier
================================================================ src/parser.c:106 parser advance scanToken code:[(],token: [(]
================================================================ src/parser.c:120 match current type:50, (-identifier
================================================================ src/parser.c:568 parsePrimaryExpr: current code:[(],[identifier]
================================================================ src/parser.c:118 match current type:50, (-(
================================================================ src/parser.c:106 parser advance scanToken code:[n],token: [identifier]
================================================================ src/parser.c:120 match current type:58, identifier-(
====================================================================+<finishCall(662) [n],token:58,identifier
========================================================================+<parseExpression(352) [n],token:58,identifier
============================================================================+<parseBinaryExpr start(385) [n],token:58,identifier
================================================================================+<parseUnaryExpr(445) [n],token:58,identifier
====================================================================================+<parsePrimaryExpr(464) [n],token:58,identifier
==================================================================================== src/parser.c:467 parsePrimaryExpr: prev1 code:[n],[(][identifier]
==================================================================================== src/parser.c:118 match current type:58, identifier-identifier
==================================================================================== src/parser.c:106 parser advance scanToken code:[>],token: [>]
==================================================================================== src/parser.c:120 match current type:35, >-identifier
==================================================================================== src/parser.c:568 parsePrimaryExpr: current code:[>],[identifier]
====================================================================================-/>parsePrimaryExpr(657) [>],token:35,>
================================================================================-/>parseUnaryExpr(459) [>],token:35,>
============================================================================ src/parser.c:387 parseBinaryExpr: left type:3
============================================================================ src/parser.c:413 parseBinaryExpr: current token: >/35, prec: 5, minPrec: 0
============================================================================ src/parser.c:106 parser advance scanToken code:[0],token: [int]
============================================================================ src/parser.c:433 parseBinaryExpr: parse right expr start, op type:35
================================================================================+<parseBinaryExpr start(385) [0],token:21,int
====================================================================================+<parseUnaryExpr(445) [0],token:21,int
========================================================================================+<parsePrimaryExpr(464) [0],token:21,int
======================================================================================== src/parser.c:467 parsePrimaryExpr: prev1 code:[0],[>][int]
======================================================================================== src/parser.c:118 match current type:21, int-int
======================================================================================== src/parser.c:106 parser advance scanToken code:[)],token: [)]
======================================================================================== src/parser.c:120 match current type:51, )-int
========================================================================================-/>parsePrimaryExpr(657) [)],token:51,)
====================================================================================-/>parseUnaryExpr(459) [)],token:51,)
================================================================================ src/parser.c:387 parseBinaryExpr: left type:2
================================================================================ src/parser.c:413 parseBinaryExpr: current token: )/51, prec: 0, minPrec: 6
================================================================================ src/parser.c:421 parseBinaryExpr: breaking with current token: )
================================================================================-/>parseBinaryExpr(440) [)],token:51,)
============================================================================ src/parser.c:438 parseBinaryExpr last: left type:0, operator:>/> right type:2, parser current token:)/51
============================================================================ src/parser.c:413 parseBinaryExpr: current token: )/51, prec: 0, minPrec: 0
============================================================================ src/parser.c:421 parseBinaryExpr: breaking with current token: )
============================================================================-/>parseBinaryExpr(440) [)],token:51,)
======================================================================== src/parser.c:355 parseExpression first type:0
exprType-0{(exprType-3{n} > exprType-2{LITERAL->21 0})}======================================================================== src/parser.c:359 parser->current.type = )
======================================================================== src/parser.c:379 parseExpression end type:0
========================================================================-/>parseExpression(380) [)],token:51,)
==================================================================== src/parser.c:106 parser advance scanToken code:[
],token: [;]
====================================================================-/>finishCall(678) [
],token:56,;
================================================================-/>parsePrimaryExpr(657) [
],token:56,;
============================================================-/>parseUnaryExpr(459) [
],token:56,;
======================================================== src/parser.c:387 parseBinaryExpr: left type:5
======================================================== src/parser.c:413 parseBinaryExpr: current token: ;/56, prec: 0, minPrec: 0
======================================================== src/parser.c:421 parseBinaryExpr: breaking with current token: ;
========================================================-/>parseBinaryExpr(440) [
],token:56,;
==================================================== src/parser.c:355 parseExpression first type:5
exprType-5{exprType-3{assert}(exprType-0{(exprType-3{n} > exprType-2{LITERAL->21 0})})}==================================================== src/parser.c:359 parser->current.type = ;
==================================================== src/parser.c:379 parseExpression end type:5
====================================================-/>parseExpression(380) [
],token:56,;
================================================ src/parser.c:1074 expr type: [5]
================================================ src/parser.c:106 parser advance scanToken code:[ok],token: [identifier]
================================================-/>parseExpressionStatement(1081) [ok],token:58,identifier
============================================ src/parser.c:106 parser advance scanToken code:[=],token: [=]
================================================+<parseStatement(683) [ok],token:58,identifier
================================================ src/parser.c:106 parser advance scanToken code:[=],token: [=]
====================================================+<parseExpressionStatement(1068) [ok],token:58,identifier
========================================================+<parseExpression(352) [ok],token:58,identifier
============================================================+<parseBinaryExpr start(385) [ok],token:58,identifier
================================================================+<parseUnaryExpr(445) [ok],token:58,identifier
====================================================================+<parsePrimaryExpr(464) [ok],token:58,identifier
==================================================================== src/parser.c:467 parsePrimaryExpr: prev1 code:[ok],[identifier][identifier]
==================================================================== src/parser.c:118 match current type:58, identifier-identifier
==================================================================== src/parser.c:106 parser advance scanToken code:[=],token: [=]
==================================================================== src/parser.c:120 match current type:30, =-identifier
==================================================================== src/parser.c:568 parsePrimaryExpr: current code:[=],[identifier]
====================================================================-/>parsePrimaryExpr(657) [=],token:30,=
================================================================-/>parseUnaryExpr(459) [=],token:30,=
============================================================ src/parser.c:387 parseBinaryExpr: left type:3
============================================================ src/parser.c:413 parseBinaryExpr: current token: =/30, prec: 1, minPrec: 0
============================================================-/>parseBinaryExpr(440) [=],token:30,=
======================================================== src/parser.c:355 parseExpression first type:3
exprType-3{ok}======================================================== src/parser.c:359 parser->current.type = =
======================================================== src/parser.c:118 match current type:30, =-=
======================================================== src/parser.c:106 parser advance scanToken code:[1],token: [int]
======================================================== src/parser.c:120 match current type:21, int-=
============================================================+<parseExpression(352) [1],token:21,int
================================================================+<parseBinaryExpr start(385) [1],token:21,int
====================================================================+<parseUnaryExpr(445) [1],token:21,int
========================================================================+<parsePrimaryExpr(464) [1],token:21,int
======================================================================== src/parser.c:467 parsePrimaryExpr: prev1 code:[1],[=][int]
======================================================================== src/parser.c:118 match current type:21, int-int
======================================================================== src/parser.c:106 parser advance scanToken code:[
],token: [;]
======================================================================== src/parser.c:120 match current type:56, ;-int
========================================================================-/>parsePrimaryExpr(657) [
],token:56,;
====================================================================-/>parseUnaryExpr(459) [
],token:56,;
================================================================ src/parser.c:387 parseBinaryExpr: left type:2
================================================================ src/parser.c:413 parseBinaryExpr: current token: ;/56, prec: 0, minPrec: 0
================================================================ src/parser.c:421 parseBinaryExpr: breaking with current token: ;
================================================================-/>parseBinaryExpr(440) [
],token:56,;
============================================================ src/parser.c:355 parseExpression first type:2
exprType-2{LITERAL->21 1}============================================================ src/parser.c:359 parser->current.type = ;
============================================================ src/parser.c:379 parseExpression end type:2
============================================================-/>parseExpression(380) [
],token:56,;
======================================================== src/parser.c:1074 expr type: [8]
======================================================== src/parser.c:106 parser advance scanToken code:[rt],token: [identifier]
========================================================-/>parseExpressionStatement(1081) [rt],token:58,identifier
====================================================-/>parseStatement(810) [rt],token:58,identifier
================================================ src/parser.c:106 parser advance scanToken code:[.],token: [.]
====================================================+<parseStatement(683) [rt],token:58,identifier
==================================================== src/parser.c:106 parser advance scanToken code:[.],token: [.]
========================================================+<parseExpressionStatement(1068) [rt],token:58,identifier
============================================================+<parseExpression(352) [rt],token:58,identifier
================================================================+<parseBinaryExpr start(385) [rt],token:58,identifier
====================================================================+<parseUnaryExpr(445) [rt],token:58,identifier
========================================================================+<parsePrimaryExpr(464) [rt],token:58,identifier
======================================================================== src/parser.c:467 parsePrimaryExpr: prev1 code:[rt],[identifier][identifier]
======================================================================== src/parser.c:118 match current type:58, identifier-identifier
======================================================================== src/parser.c:106 parser advance scanToken code:[.],token: [.]
======================================================================== src/parser.c:120 match current type:49, .-identifier
======================================================================== src/parser.c:568 parsePrimaryExpr: current code:[.],[identifier]
======================================================================== src/parser.c:118 match current type:49, .-.
======================================================================== src/parser.c:106 parser advance scanToken code:[Rt],token: [identifier]
======================================================================== src/parser.c:120 match current type:58, identifier-.
======================================================================== src/parser.c:106 parser advance scanToken code:[.],token: [.]
======================================================================== src/parser.c:118 match current type:49, .-.
======================================================================== src/parser.c:106 parser advance scanToken code:[free],token: [identifier]
======================================================================== src/parser.c:120 match current type:58, identifier-.
======================================================================== src/parser.c:106 parser advance scanToken code:[(],token: [(]
======================================================================== src/parser.c:118 match current type:50, (-(
======================================================================== src/parser.c:106 parser advance scanToken code:[data],token: [identifier]
======================================================================== src/parser.c:120 match current type:58, identifier-(
============================================================================+<finishCall(662) [data],token:58,identifier
================================================================================+<parseExpression(352) [data],token:58,identifier
====================================================================================+<parseBinaryExpr start(385) [data],token:58,identifier
========================================================================================+<parseUnaryExpr(445) [data],token:58,identifier
============================================================================================+<parsePrimaryExpr(464) [data],token:58,identifier
============================================================================================ src/parser.c:467 parsePrimaryExpr: prev1 code:[data],[(][identifier]
============================================================================================ src/parser.c:118 match current type:58, identifier-identifier
============================================================================================ src/parser.c:106 parser advance scanToken code:[)],token: [)]
============================================================================================ src/parser.c:120 match current type:51, )-identifier
============================================================================================ src/parser.c:568 parsePrimaryExpr: current code:[)],[identifier]
============================================================================================-/>parsePrimaryExpr(657) [)],token:51,)
========================================================================================-/>parseUnaryExpr(459) [)],token:51,)
==================================================================================== src/parser.c:387 parseBinaryExpr: left type:3
==================================================================================== src/parser.c:413 parseBinaryExpr: current token: )/51, prec: 0, minPrec: 0
==================================================================================== src/parser.c:421 parseBinaryExpr: breaking with current token: )
====================================================================================-/>parseBinaryExpr(440) [)],token:51,)
================================================================================ src/parser.c:355 parseExpression first type:3
exprType-3{data}================================================================================ src/parser.c:359 parser->current.type = )
================================================================================ src/parser.c:379 parseExpression end type:3
================================================================================-/>parseExpression(380) [)],token:51,)
============================================================================ src/parser.c:106 parser advance scanToken code:[
],token: [;]
============================================================================-/>finishCall(678) [
],token:56,;
========================================================================-/>parsePrimaryExpr(657) [
],token:56,;
====================================================================-/>parseUnaryExpr(459) [
],token:56,;
================================================================ src/parser.c:387 parseBinaryExpr: left type:5
================================================================ src/parser.c:413 parseBinaryExpr: current token: ;/56, prec: 0, minPrec: 0
================================================================ src/parser.c:421 parseBinaryExpr: breaking with current token: ;
================================================================-/>parseBinaryExpr(440) [
],token:56,;
============================================================ src/parser.c:355 parseExpression first type:5
exprType-5{exprType-9{Unknown expression type, 9
}(exprType-3{data})}============================================================ src/parser.c:359 parser->current.type = ;
============================================================ src/parser.c:379 parseExpression end type:5
============================================================-/>parseExpression(380) [
],token:56,;
======================================================== src/parser.c:1074 expr type: [5]
======================================================== src/parser.c:106 parser advance scanToken code:[rt],token: [identifier]
========================================================-/>parseExpressionStatement(1081) [rt],token:58,identifier
====================================================-/>parseStatement(810) [rt],token:58,identifier
================================================ src/parser.c:106 parser advance scanToken code:[.],token: [.]
====================================================+<parseStatement(683) [rt],token:58,identifier
==================================================== src/parser.c:106 parser advance scanToken code:[.],token: [.]
========================================================+<parseExpressionStatement(1068) [rt],token:58,identifier
============================================================+<parseExpression(352) [rt],token:58,identifier
================================================================+<parseBinaryExpr start(385) [rt],token:58,identifier
====================================================================+<parseUnaryExpr(445) [rt],token:58,identifier
========================================================================+<parsePrimaryExpr(464) [rt],token:58,identifier
======================================================================== src/parser.c:467 parsePrimaryExpr: prev1 code:[rt],[identifier][identifier]
======================================================================== src/parser.c:118 match current type:58, identifier-identifier
======================================================================== src/parser.c:106 parser advance scanToken code:[.],token: [.]
======================================================================== src/parser.c:120 match current type:49, .-identifier
======================================================================== src/parser.c:568 parsePrimaryExpr: current code:[.],[identifier]
======================================================================== src/parser.c:118 match current type:49, .-.
======================================================================== src/parser.c:106 parser advance scanToken code:[Rt],token: [identifier]
======================================================================== src/parser.c:120 match current type:58, identifier-.
======================================================================== src/parser.c:106 parser advance scanToken code:[.],token: [.]
======================================================================== src/parser.c:118 match current type:49, .-.
======================================================================== src/parser.c:106 parser advance scanToken code:[loopStop],token: [identifier]
======================================================================== src/parser.c:120 match current type:58, identifier-.
======================================================================== src/parser.c:106 parser advance scanToken code:[(],token: [(]
======================================================================== src/parser.c:118 match current type:50, (-(
======================================================================== src/parser.c:106 parser advance scanToken code:[loop],token: [identifier]
======================================================================== src/parser.c:120 match current type:58, identifier-(
============================================================================+<finishCall(662) [loop],token:58,identifier
================================================================================+<parseExpression(352) [loop],token:58,identifier
====================================================================================+<parseBinaryExpr start(385) [loop],token:58,identifier
========================================================================================+<parseUnaryExpr(445) [loop],token:58,identifier
============================================================================================+<parsePrimaryExpr(464) [loop],token:58,identifier
============================================================================================ src/parser.c:467 parsePrimaryExpr: prev1 code:[loop],[(][identifier]
============================================================================================ src/parser.c:118 match current type:58, identifier-identifier
============================================================================================ src/parser.c:106 parser advance scanToken code:[)],token: [)]
============================================================================================ src/parser.c:120 match current type:51, )-identifier
============================================================================================ src/parser.c:568 parsePrimaryExpr: current code:[)],[identifier]
============================================================================================-/>parsePrimaryExpr(657) [)],token:51,)
========================================================================================-/>parseUnaryExpr(459) [)],token:51,)
==================================================================================== src/parser.c:387 parseBinaryExpr: left type:3
==================================================================================== src/parser.c:413 parseBinaryExpr: current token: )/51, prec: 0, minPrec: 0
==================================================================================== src/parser.c:421 parseBinaryExpr: breaking with current token: )
====================================================================================-/>parseBinaryExpr(440) [)],token:51,)
================================================================================ src/parser.c:355 parseExpression first type:3
exprType-3{loop}================================================================================ src/parser.c:359 parser->current.type = )
================================================================================ src/parser.c:379 parseExpression end type:3
================================================================================-/>parseExpression(380) [)],token:51,)
============================================================================ src/parser.c:106 parser advance scanToken code:[
],token: [;]
============================================================================-/>finishCall(678) [
],token:56,;
========================================================================-/>parsePrimaryExpr(657) [
],token:56,;
====================================================================-/>parseUnaryExpr(459) [
],token:56,;
================================================================ src/parser.c:387 parseBinaryExpr: left type:5
================================================================ src/parser.c:413 parseBinaryExpr: current token: ;/56, prec: 0, minPrec: 0
================================================================ src/parser.c:421 parseBinaryExpr: breaking with current token: ;
================================================================-/>parseBinaryExpr(440) [
],token:56,;
============================================================ src/parser.c:355 parseExpression first type:5
exprType-5{exprType-9{Unknown expression type, 9
}(exprType-3{loop})}============================================================ src/parser.c:359 parser->current.type = ;
============================================================ src/parser.c:379 parseExpression end type:5
============================================================-/>parseExpression(380) [
],token:56,;
======================================================== src/parser.c:1074 expr type: [5]
======================================================== src/parser.c:106 parser advance scanToken code:[}],token: [}]
========================================================-/>parseExpressionStatement(1081) [}],token:53,}
====================================================-/>parseStatement(810) [}],token:53,}
================================================ src/parser.c:106 parser advance scanToken code:[)],token: [)]
================================================-/>parsePrimaryExpr(657) [)],token:51,)
============================================-/>parseUnaryExpr(459) [)],token:51,)
======================================== src/parser.c:387 parseBinaryExpr: left type:11
======================================== src/parser.c:413 parseBinaryExpr: current token: )/51, prec: 0, minPrec: 0
======================================== src/parser.c:421 parseBinaryExpr: breaking with current token: )
========================================-/>parseBinaryExpr(440) [)],token:51,)
==================================== src/parser.c:355 parseExpression first type:11
exprType-11{Unknown expression type, 11
}==================================== src/parser.c:359 parser->current.type = )
==================================== src/parser.c:379 parseExpression end type:11
====================================-/>parseExpression(380) [)],token:51,)
================================ src/parser.c:106 parser advance scanToken code:[
],token: [;]
================================-/>finishCall(678) [
],token:56,;
============================-/>parsePrimaryExpr(657) [
],token:56,;
========================-/>parseUnaryExpr(459) [
],token:56,;
==================== src/parser.c:387 parseBinaryExpr: left type:5
==================== src/parser.c:413 parseBinaryExpr: current token: ;/56, prec: 0, minPrec: 0
==================== src/parser.c:421 parseBinaryExpr: breaking with current token: ;
====================-/>parseBinaryExpr(440) [
],token:56,;
================ src/parser.c:355 parseExpression first type:5
exprType-5{exprType-9{Unknown expression type, 9
}(exprType-3{loop}, exprType-3{wq}, exprType-2{LITERAL->60 "README.md"}, exprType-11{Unknown expression type, 11
})}================ src/parser.c:359 parser->current.type = ;
================ src/parser.c:379 parseExpression end type:5
================-/>parseExpression(380) [
],token:56,;
============ src/parser.c:1074 expr type: [5]
============ src/parser.c:106 parser advance scanToken code:[
],token: [;]
============-/>parseExpressionStatement(1081) [
],token:56,;
========-/>parseStatement(810) [
],token:56,;
==== src/parser.c:118 match current type:56, ;-;
==== src/parser.c:106 parser advance scanToken code:[rt],token: [identifier]
==== src/parser.c:120 match current type:58, identifier-;
==== src/parser.c:106 parser advance scanToken code:[.],token: [.]
========+<parseStatement(683) [rt],token:58,identifier
======== src/parser.c:106 parser advance scanToken code:[.],token: [.]
============+<parseExpressionStatement(1068) [rt],token:58,identifier
================+<parseExpression(352) [rt],token:58,identifier
====================+<parseBinaryExpr start(385) [rt],token:58,identifier
========================+<parseUnaryExpr(445) [rt],token:58,identifier
============================+<parsePrimaryExpr(464) [rt],token:58,identifier
============================ src/parser.c:467 parsePrimaryExpr: prev1 code:[rt],[identifier][identifier]
============================ src/parser.c:118 match current type:58, identifier-identifier
============================ src/parser.c:106 parser advance scanToken code:[.],token: [.]
============================ src/parser.c:120 match current type:49, .-identifier
============================ src/parser.c:568 parsePrimaryExpr: current code:[.],[identifier]
============================ src/parser.c:118 match current type:49, .-.
============================ src/parser.c:106 parser advance scanToken code:[Rt],token: [identifier]
============================ src/parser.c:120 match current type:58, identifier-.
============================ src/parser.c:106 parser advance scanToken code:[.],token: [.]
============================ src/parser.c:118 match current type:49, .-.
============================ src/parser.c:106 parser advance scanToken code:[loopRun],token: [identifier]
============================ src/parser.c:120 match current type:58, identifier-.
============================ src/parser.c:106 parser advance scanToken code:[(],token: [(]
============================ src/parser.c:118 match current type:50, (-(
============================ src/parser.c:106 parser advance scanToken code:[loop],token: [identifier]
============================ src/parser.c:120 match current type:58, identifier-(
================================+<finishCall(662) [loop],token:58,identifier
====================================+<parseExpression(352) [loop],token:58,identifier
========================================+<parseBinaryExpr start(385) [loop],token:58,identifier
============================================+<parseUnaryExpr(445) [loop],token:58,identifier
================================================+<parsePrimaryExpr(464) [loop],token:58,identifier
================================================ src/parser.c:467 parsePrimaryExpr: prev1 code:[loop],[(][identifier]
================================================ src/parser.c:118 match current type:58, identifier-identifier
================================================ src/parser.c:106 parser advance scanToken code:[)],token: [)]
================================================ src/parser.c:120 match current type:51, )-identifier
================================================ src/parser.c:568 parsePrimaryExpr: current code:[)],[identifier]
================================================-/>parsePrimaryExpr(657) [)],token:51,)
============================================-/>parseUnaryExpr(459) [)],token:51,)
======================================== src/parser.c:387 parseBinaryExpr: left type:3
======================================== src/parser.c:413 parseBinaryExpr: current token: )/51, prec: 0, minPrec: 0
======================================== src/parser.c:421 parseBinaryExpr: breaking with current token: )
========================================-/>parseBinaryExpr(440) [)],token:51,)
==================================== src/parser.c:355 parseExpression first type:3
exprType-3{loop}==================================== src/parser.c:359 parser->current.type = )
==================================== src/parser.c:379 parseExpression end type:3
====================================-/>parseExpression(380) [)],token:51,)
================================ src/parser.c:106 parser advance scanToken code:[
],token: [;]
================================-/>finishCall(678) [
],token:56,;
============================-/>parsePrimaryExpr(657) [
],token:56,;
========================-/>parseUnaryExpr(459) [
],token:56,;
==================== src/parser.c:387 parseBinaryExpr: left type:5
==================== src/parser.c:413 parseBinaryExpr: current token: ;/56, prec: 0, minPrec: 0
==================== src/parser.c:421 parseBinaryExpr: breaking with current token: ;
====================-/>parseBinaryExpr(440) [
],token:56,;
================ src/parser.c:355 parseExpression first type:5
exprType-5{exprType-9{Unknown expression type, 9
}(exprType-3{loop})}================ src/parser.c:359 parser->current.type = ;
================ src/parser.c:379 parseExpression end type:5
================-/>parseExpression(380) [
],token:56,;
============ src/parser.c:1074 expr type: [5]
============ src/parser.c:106 parser advance scanToken code:[assert],token: [identifier]
============-/>parseExpressionStatement(1081) [assert],token:58,identifier
========-/>parseStatement(810) [assert],token:58,identifier
==== src/parser.c:106 parser advance scanToken code:[(],token: [(]
========+<parseExpressionStatement(1068) [assert],token:58,identifier
============+<parseExpression(352) [assert],token:58,identifier
================+<parseBinaryExpr start(385) [assert],token:58,identifier
====================+<parseUnaryExpr(445) [assert],token:58,identifier
========================+<parsePrimaryExpr(464) [assert],token:58,identifier
======================== src/parser.c:467 parsePrimaryExpr: prev1 code:[assert],[identifier][identifier]
======================== src/parser.c:118 match current type:58, identifier-identifier
======================== src/parser.c:106 parser advance scanToken code:[(],token: [(]
======================== src/parser.c:120 match current type:50, (-identifier
======================== src/parser.c:568 parsePrimaryExpr: current code:[(],[identifier]
======================== src/parser.c:118 match current type:50, (-(
======================== src/parser.c:106 parser advance scanToken code:[ok],token: [identifier]
======================== src/parser.c:120 match current type:58, identifier-(
============================+<finishCall(662) [ok],token:58,identifier
================================+<parseExpression(352) [ok],token:58,identifier
====================================+<parseBinaryExpr start(385) [ok],token:58,identifier
========================================+<parseUnaryExpr(445) [ok],token:58,identifier
============================================+<parsePrimaryExpr(464) [ok],token:58,identifier
============================================ src/parser.c:467 parsePrimaryExpr: prev1 code:[ok],[(][identifier]
============================================ src/parser.c:118 match current type:58, identifier-identifier
============================================ src/parser.c:106 parser advance scanToken code:[==],token: [==]
============================================ src/parser.c:120 match current type:45, ==-identifier
============================================ src/parser.c:568 parsePrimaryExpr: current code:[==],[identifier]
============================================-/>parsePrimaryExpr(657) [==],token:45,==
========================================-/>parseUnaryExpr(459) [==],token:45,==
==================================== src/parser.c:387 parseBinaryExpr: left type:3
==================================== src/parser.c:413 parseBinaryExpr: current token: ==/45, prec: 4, minPrec: 0
==================================== src/parser.c:106 parser advance scanToken code:[1],token: [int]
==================================== src/parser.c:433 parseBinaryExpr: parse right expr start, op type:45
========================================+<parseBinaryExpr start(385) [1],token:21,int
============================================+<parseUnaryExpr(445) [1],token:21,int
================================================+<parsePrimaryExpr(464) [1],token:21,int
================================================ src/parser.c:467 parsePrimaryExpr: prev1 code:[1],[==][int]
================================================ src/parser.c:118 match current type:21, int-int
================================================ src/parser.c:106 parser advance scanToken code:[)],token: [)]
================================================ src/parser.c:120 match current type:51, )-int
================================================-/>parsePrimaryExpr(657) [)],token:51,)
============================================-/>parseUnaryExpr(459) [)],token:51,)
======================================== src/parser.c:387 parseBinaryExpr: left type:2
======================================== src/parser.c:413 parseBinaryExpr: current token: )/51, prec: 0, minPrec: 5
======================================== src/parser.c:421 parseBinaryExpr: breaking with current token: )
========================================-/>parseBinaryExpr(440) [)],token:51,)
==================================== src/parser.c:438 parseBinaryExpr last: left type:0, operator:==/== right type:2, parser current token:)/51
==================================== src/parser.c:413 parseBinaryExpr: current token: )/51, prec: 0, minPrec: 0
==================================== src/parser.c:421 parseBinaryExpr: breaking with current token: )
====================================-/>parseBinaryExpr(440) [)],token:51,)
================================ src/parser.c:355 parseExpression first type:0
exprType-0{(exprType-3{ok} == exprType-2{LITERAL->21 1})}================================ src/parser.c:359 parser->current.type = )
================================ src/parser.c:379 parseExpression end type:0
================================-/>parseExpression(380) [)],token:51,)
============================ src/parser.c:106 parser advance scanToken code:[
],token: [;]
============================-/>finishCall(678) [
],token:56,;
========================-/>parsePrimaryExpr(657) [
],token:56,;
====================-/>parseUnaryExpr(459) [
],token:56,;
================ src/parser.c:387 parseBinaryExpr: left type:5
================ src/parser.c:413 parseBinaryExpr: current token: ;/56, prec: 0, minPrec: 0
================ src/parser.c:421 parseBinaryExpr: breaking with current token: ;
================-/>parseBinaryExpr(440) [
],token:56,;
============ src/parser.c:355 parseExpression first type:5
exprType-5{exprType-3{assert}(exprType-0{(exprType-3{ok} == exprType-2{LITERAL->21 1})})}============ src/parser.c:359 parser->current.type = ;
============ src/parser.c:379 parseExpression end type:5
============-/>parseExpression(380) [
],token:56,;
======== src/parser.c:1074 expr type: [5]
======== src/parser.c:106 parser advance scanToken code:[
],token: [;]
========-/>parseExpressionStatement(1081) [
],token:56,;
==== src/parser.c:118 match current type:56, ;-;
==== src/parser.c:106 parser advance scanToken code:[rt],token: [identifier]
==== src/parser.c:120 match current type:58, identifier-;
==== src/parser.c:106 parser advance scanToken code:[.],token: [.]
========+<parseStatement(683) [rt],token:58,identifier
======== src/parser.c:106 parser advance scanToken code:[.],token: [.]
============+<parseExpressionStatement(1068) [rt],token:58,identifier
================+<parseExpression(352) [rt],token:58,identifier
====================+<parseBinaryExpr start(385) [rt],token:58,identifier
========================+<parseUnaryExpr(445) [rt],token:58,identifier
============================+<parsePrimaryExpr(464) [rt],token:58,identifier
============================ src/parser.c:467 parsePrimaryExpr: prev1 code:[rt],[identifier][identifier]
============================ src/parser.c:118 match current type:58, identifier-identifier
============================ src/parser.c:106 parser advance scanToken code:[.],token: [.]
============================ src/parser.c:120 match current type:49, .-identifier
============================ src/parser.c:568 parsePrimaryExpr: current code:[.],[identifier]
============================ src/parser.c:118 match current type:49, .-.
============================ src/parser.c:106 parser advance scanToken code:[Rt],token: [identifier]
============================ src/parser.c:120 match current type:58, identifier-.
============================ src/parser.c:106 parser advance scanToken code:[.],token: [.]
============================ src/parser.c:118 match current type:49, .-.
============================ src/parser.c:106 parser advance scanToken code:[workqueueFree],token: [identifier]
============================ src/parser.c:120 match current type:58, identifier-.
============================ src/parser.c:106 parser advance scanToken code:[(],token: [(]
============================ src/parser.c:118 match current type:50, (-(
============================ src/parser.c:106 parser advance scanToken code:[wq],token: [identifier]
============================ src/parser.c:120 match current type:58, identifier-(
================================+<finishCall(662) [wq],token:58,identifier
====================================+<parseExpression(352) [wq],token:58,identifier
========================================+<parseBinaryExpr start(385) [wq],token:58,identifier
============================================+<parseUnaryExpr(445) [wq],token:58,identifier
================================================+<parsePrimaryExpr(464) [wq],token:58,identifier
================================================ src/parser.c:467 parsePrimaryExpr: prev1 code:[wq],[(][identifier]
================================================ src/parser.c:118 match current type:58, identifier-identifier
================================================ src/parser.c:106 parser advance scanToken code:[)],token: [)]
================================================ src/parser.c:120 match current type:51, )-identifier
================================================ src/parser.c:568 parsePrimaryExpr: current code:[)],[identifier]
================================================-/>parsePrimaryExpr(657) [)],token:51,)
============================================-/>parseUnaryExpr(459) [)],token:51,)
======================================== src/parser.c:387 parseBinaryExpr: left type:3
======================================== src/parser.c:413 parseBinaryExpr: current token: )/51, prec: 0, minPrec: 0
======================================== src/parser.c:421 parseBinaryExpr: breaking with current token: )
========================================-/>parseBinaryExpr(440) [)],token:51,)
==================================== src/parser.c:355 parseExpression first type:3
exprType-3{wq}==================================== src/parser.c:359 parser->current.type = )
==================================== src/parser.c:379 parseExpression end type:3
====================================-/>parseExpression(380) [)],token:51,)
================================ src/parser.c:106 parser advance scanToken code:[
],token: [;]
================================-/>finishCall(678) [
],token:56,;
============================-/>parsePrimaryExpr(657) [
],token:56,;
========================-/>parseUnaryExpr(459) [
],token:56,;
==================== src/parser.c:387 parseBinaryExpr: left type:5
==================== src/parser.c:413 parseBinaryExpr: current token: ;/56, prec: 0, minPrec: 0
==================== src/parser.c:421 parseBinaryExpr: breaking with current token: ;
====================-/>parseBinaryExpr(440) [
],token:56,;
================ src/parser.c:355 parseExpression first type:5
exprType-5{exprType-9{Unknown expression type, 9
}(exprType-3{wq})}================ src/parser.c:359 parser->current.type = ;
================ src/parser.c:379 parseExpression end type:5
================-/>parseExpression(380) [
],token:56,;
============ src/parser.c:1074 expr type: [5]
============ src/parser.c:106 parser advance scanToken code:[rt],token: [identifier]
============-/>parseExpressionStatement(1081) [rt],token:58,identifier
========-/>parseStatement(810) [rt],token:58,identifier
==== src/parser.c:106 parser advance scanToken code:[.],token: [.]
========+<parseStatement(683) [rt],token:58,identifier
======== src/parser.c:106 parser advance scanToken code:[.],token: [.]
============+<parseExpressionStatement(1068) [rt],token:58,identifier
================+<parseExpression(352) [rt],token:58,identifier
====================+<parseBinaryExpr start(385) [rt],token:58,identifier
========================+<parseUnaryExpr(445) [rt],token:58,identifier
============================+<parsePrimaryExpr(464) [rt],token:58,identifier
============================ src/parser.c:467 parsePrimaryExpr: prev1 code:[rt],[identifier][identifier]
============================ src/parser.c:118 match current type:58, identifier-identifier
============================ src/parser.c:106 parser advance scanToken code:[.],token: [.]
============================ src/parser.c:120 match current type:49, .-identifier
============================ src/parser.c:568 parsePrimaryExpr: current code:[.],[identifier]
============================ src/parser.c:118 match current type:49, .-.
============================ src/parser.c:106 parser advance scanToken code:[Rt],token: [identifier]
============================ src/parser.c:120 match current type:58, identifier-.
============================ src/parser.c:106 parser advance scanToken code:[.],token: [.]
============================ src/parser.c:118 match current type:49, .-.
============================ src/parser.c:106 parser advance scanToken code:[loopFree],token: [identifier]
============================ src/parser.c:120 match current type:58, identifier-.
============================ src/parser.c:106 parser advance scanToken code:[(],token: [(]
============================ src/parser.c:118 match current type:50, (-(
============================ src/parser.c:106 parser advance scanToken code:[loop],token: [identifier]
============================ src/parser.c:120 match current type:58, identifier-(
================================+<finishCall(662) [loop],token:58,identifier
====================================+<parseExpression(352) [loop],token:58,identifier
========================================+<parseBinaryExpr start(385) [loop],token:58,identifier
============================================+<parseUnaryExpr(445) [loop],token:58,identifier
================================================+<parsePrimaryExpr(464) [loop],token:58,identifier
================================================ src/parser.c:467 parsePrimaryExpr: prev1 code:[loop],[(][identifier]
================================================ src/parser.c:118 match current type:58, identifier-identifier
================================================ src/parser.c:106 parser advance scanToken code:[)],token: [)]
================================================ src/parser.c:120 match current type:51, )-identifier
================================================ src/parser.c:568 parsePrimaryExpr: current code:[)],[identifier]
================================================-/>parsePrimaryExpr(657) [)],token:51,)
============================================-/>parseUnaryExpr(459) [)],token:51,)
======================================== src/parser.c:387 parseBinaryExpr: left type:3
======================================== src/parser.c:413 parseBinaryExpr: current token: )/51, prec: 0, minPrec: 0
======================================== src/parser.c:421 parseBinaryExpr: breaking with current token: )
========================================-/>parseBinaryExpr(440) [)],token:51,)
==================================== src/parser.c:355 parseExpression first type:3
exprType-3{loop}==================================== src/parser.c:359 parser->current.type = )
==================================== src/parser.c:379 parseExpression end type:3
====================================-/>parseExpression(380) [)],token:51,)
================================ src/parser.c:106 parser advance scanToken code:[
],token: [;]
================================-/>finishCall(678) [
],token:56,;
============================-/>parsePrimaryExpr(657) [
],token:56,;
========================-/>parseUnaryExpr(459) [
],token:56,;
==================== src/parser.c:387 parseBinaryExpr: left type:5
==================== src/parser.c:413 parseBinaryExpr: current token: ;/56, prec: 0, minPrec: 0
==================== src/parser.c:421 parseBinaryExpr: breaking with current token: ;
====================-/>parseBinaryExpr(440) [
],token:56,;
================ src/parser.c:355 parseExpression first type:5
exprType-5{exprType-9{Unknown expression type, 9
}(exprType-3{loop})}================ src/parser.c:359 parser->current.type = ;
================ src/parser.c:379 parseExpression end type:5
================-/>parseExpression(380) [
],token:56,;
============ src/parser.c:1074 expr type: [5]
============ src/parser.c:106 parser advance scanToken code:[
],token: [;]
============-/>parseExpressionStatement(1081) [
],token:56,;
========-/>parseStatement(810) [
],token:56,;
==== src/parser.c:118 match current type:56, ;-;
==== src/parser.c:106 parser advance scanToken code:[],token: [EOF]
==== src/parser.c:120 match current type:67, EOF-;
==== src/parser.c:118 match current type:67, EOF-EOF
==== src/parser.c:106 parser advance scanToken code:[],token: [EOF]
==== src/parser.c:120 match current type:67, EOF-EOF
==== src/parser.c:106 parser advance scanToken code:[
],token: [;]
==== src/parser.c:118 match current type:56, ;-;
==== src/parser.c:106 parser advance scanToken code:[
],token: [;]
==== src/parser.c:120 match current type:56, ;-;
==== src/parser.c:118 match current type:56, ;-;
==== src/parser.c:106 parser advance scanToken code:[
],token: [;]
==== src/parser.c:120 match current type:56, ;-;
==== src/parser.c:118 match current type:56, ;-;
==== src/parser.c:106 parser advance scanToken code:[
],token: [;]
==== src/parser.c:120 match current type:56, ;-;
==== src/parser.c:118 match current type:56, ;-;
==== src/parser.c:106 parser advance scanToken code:[
],token: [;]
==== src/parser.c:120 match current type:56, ;-;
==== src/parser.c:118 match current type:56, ;-;
==== src/parser.c:106 parser advance scanToken code:[
],token: [;]
==== src/parser.c:120 match current type:56, ;-;
==== src/parser.c:118 match current type:56, ;-;
==== src/parser.c:106 parser advance scanToken code:[object],token: [object]
==== src/parser.c:120 match current type:16, object-;
==== src/parser.c:118 match current type:16, object-object
==== src/parser.c:106 parser advance scanToken code:[Rt],token: [identifier]
==== src/parser.c:120 match current type:58, identifier-object
==== src/parser.c:106 parser advance scanToken code:[{],token: [{]
==== src/parser.c:106 parser advance scanToken code:[
],token: [;]
==== src/parser.c:118 match current type:56, ;-;
==== src/parser.c:106 parser advance scanToken code:[fn],token: [func/fn]
==== src/parser.c:120 match current type:13, func/fn-;
==== src/parser.c:106 parser advance scanToken code:[free],token: [identifier]
==== src/parser.c:106 parser advance scanToken code:[(],token: [(]
==== src/parser.c:106 parser advance scanToken code:[p],token: [identifier]
==== src/parser.c:106 parser advance scanToken code:[:],token: [:]
==== src/parser.c:118 match current type:44, :-:
==== src/parser.c:106 parser advance scanToken code:[ptr],token: [identifier]
==== src/parser.c:120 match current type:58, identifier-:
==== src/parser.c:118 match current type:58, identifier-identifier
==== src/parser.c:106 parser advance scanToken code:[)],token: [)]
==== src/parser.c:120 match current type:51, )-identifier
==== src/parser.c:106 parser advance scanToken code:[{],token: [{]
==== src/parser.c:106 parser advance scanToken code:[
],token: [;]
==== src/parser.c:118 match current type:56, ;-;
==== src/parser.c:106 parser advance scanToken code:[if],token: [if]
==== src/parser.c:120 match current type:2, if-;
========+<parseStatement(683) [if],token:2,if
======== src/parser.c:118 match current type:2, if-if
======== src/parser.c:106 parser advance scanToken code:[p],token: [identifier]
======== src/parser.c:120 match current type:58, identifier-if
============+<parseExpression(352) [p],token:58,identifier
================+<parseBinaryExpr start(385) [p],token:58,identifier
====================+<parseUnaryExpr(445) [p],token:58,identifier
========================+<parsePrimaryExpr(464) [p],token:58,identifier
======================== src/parser.c:467 parsePrimaryExpr: prev1 code:[p],[if][identifier]
======================== src/parser.c:118 match current type:58, identifier-identifier
======================== src/parser.c:106 parser advance scanToken code:[!=],token: [!=]
======================== src/parser.c:120 match current type:46, !=-identifier
======================== src/parser.c:568 parsePrimaryExpr: current code:[!=],[identifier]
========================-/>parsePrimaryExpr(657) [!=],token:46,!=
====================-/>parseUnaryExpr(459) [!=],token:46,!=
================ src/parser.c:387 parseBinaryExpr: left type:3
================ src/parser.c:413 parseBinaryExpr: current token: !=/46, prec: 4, minPrec: 0
================ src/parser.c:106 parser advance scanToken code:[null],token: [null]
================ src/parser.c:433 parseBinaryExpr: parse right expr start, op type:46
====================+<parseBinaryExpr start(385) [null],token:27,null
========================+<parseUnaryExpr(445) [null],token:27,null
============================+<parsePrimaryExpr(464) [null],token:27,null
============================ src/parser.c:467 parsePrimaryExpr: prev1 code:[null],[!=][null]
============================ src/parser.c:118 match current type:27, null-null
============================ src/parser.c:106 parser advance scanToken code:[{],token: [{]
============================ src/parser.c:120 match current type:52, {-null
============================-/>parsePrimaryExpr(657) [{],token:52,{
========================-/>parseUnaryExpr(459) [{],token:52,{
==================== src/parser.c:387 parseBinaryExpr: left type:2
==================== src/parser.c:413 parseBinaryExpr: current token: {/52, prec: 0, minPrec: 5
==================== src/parser.c:421 parseBinaryExpr: breaking with current token: {
====================-/>parseBinaryExpr(440) [{],token:52,{
================ src/parser.c:438 parseBinaryExpr last: left type:0, operator:!=/!= right type:2, parser current token:{/52
================ src/parser.c:413 parseBinaryExpr: current token: {/52, prec: 0, minPrec: 0
================ src/parser.c:421 parseBinaryExpr: breaking with current token: {
================-/>parseBinaryExpr(440) [{],token:52,{
============ src/parser.c:355 parseExpression first type:0
exprType-0{(exprType-3{p} != exprType-2{LITERAL->27 null})}============ src/parser.c:359 parser->current.type = {
============ src/parser.c:379 parseExpression end type:0
============-/>parseExpression(380) [{],token:52,{
============+<parseStatement(683) [{],token:52,{
============ src/parser.c:118 match current type:52, {-{
============ src/parser.c:106 parser advance scanToken code:[
],token: [;]
============ src/parser.c:120 match current type:56, ;-{
============ src/parser.c:118 match current type:56, ;-;
============ src/parser.c:106 parser advance scanToken code:[tua_free],token: [identifier]
============ src/parser.c:120 match current type:58, identifier-;
============ src/parser.c:106 parser advance scanToken code:[(],token: [(]
================+<parseExpressionStatement(1068) [tua_free],token:58,identifier
====================+<parseExpression(352) [tua_free],token:58,identifier
========================+<parseBinaryExpr start(385) [tua_free],token:58,identifier
============================+<parseUnaryExpr(445) [tua_free],token:58,identifier
================================+<parsePrimaryExpr(464) [tua_free],token:58,identifier
================================ src/parser.c:467 parsePrimaryExpr: prev1 code:[tua_free],[identifier][identifier]
================================ src/parser.c:118 match current type:58, identifier-identifier
================================ src/parser.c:106 parser advance scanToken code:[(],token: [(]
================================ src/parser.c:120 match current type:50, (-identifier
================================ src/parser.c:568 parsePrimaryExpr: current code:[(],[identifier]
================================ src/parser.c:118 match current type:50, (-(
================================ src/parser.c:106 parser advance scanToken code:[p],token: [identifier]
================================ src/parser.c:120 match current type:58, identifier-(
====================================+<finishCall(662) [p],token:58,identifier
========================================+<parseExpression(352) [p],token:58,identifier
============================================+<parseBinaryExpr start(385) [p],token:58,identifier
================================================+<parseUnaryExpr(445) [p],token:58,identifier
====================================================+<parsePrimaryExpr(464) [p],token:58,identifier
==================================================== src/parser.c:467 parsePrimaryExpr: prev1 code:[p],[(][identifier]
==================================================== src/parser.c:118 match current type:58, identifier-identifier
==================================================== src/parser.c:106 parser advance scanToken code:[)],token: [)]
==================================================== src/parser.c:120 match current type:51, )-identifier
==================================================== src/parser.c:568 parsePrimaryExpr: current code:[)],[identifier]
====================================================-/>parsePrimaryExpr(657) [)],token:51,)
================================================-/>parseUnaryExpr(459) [)],token:51,)
============================================ src/parser.c:387 parseBinaryExpr: left type:3
============================================ src/parser.c:413 parseBinaryExpr: current token: )/51, prec: 0, minPrec: 0
============================================ src/parser.c:421 parseBinaryExpr: breaking with current token: )
============================================-/>parseBinaryExpr(440) [)],token:51,)
======================================== src/parser.c:355 parseExpression first type:3
exprType-3{p}======================================== src/parser.c:359 parser->current.type = )
======================================== src/parser.c:379 parseExpression end type:3
========================================-/>parseExpression(380) [)],token:51,)
==================================== src/parser.c:106 parser advance scanToken code:[
],token: [;]
====================================-/>finishCall(678) [
],token:56,;
================================-/>parsePrimaryExpr(657) [
],token:56,;
============================-/>parseUnaryExpr(459) [
],token:56,;
======================== src/parser.c:387 parseBinaryExpr: left type:5
======================== src/parser.c:413 parseBinaryExpr: current token: ;/56, prec: 0, minPrec: 0
======================== src/parser.c:421 parseBinaryExpr: breaking with current token: ;
========================-/>parseBinaryExpr(440) [
],token:56,;
==================== src/parser.c:355 parseExpression first type:5
exprType-5{exprType-3{tua_free}(exprType-3{p})}==================== src/parser.c:359 parser->current.type = ;
==================== src/parser.c:379 parseExpression end type:5
====================-/>parseExpression(380) [
],token:56,;
================ src/parser.c:1074 expr type: [5]
================ src/parser.c:106 parser advance scanToken code:[}],token: [}]
================-/>parseExpressionStatement(1081) [}],token:53,}
============ src/parser.c:106 parser advance scanToken code:[
],token: [;]
============-/>parseStatement(810) [
],token:56,;
======== src/parser.c:118 match current type:56, ;-;
======== src/parser.c:106 parser advance scanToken code:[}],token: [}]
======== src/parser.c:120 match current type:53, }-;
========-/>parseStatement(810) [}],token:53,}
==== src/parser.c:106 parser advance scanToken code:[
],token: [;]
==== src/parser.c:118 match current type:56, ;-;
==== src/parser.c:106 parser advance scanToken code:[
],token: [;]
==== src/parser.c:120 match current type:56, ;-;
==== src/parser.c:118 match current type:56, ;-;
==== src/parser.c:106 parser advance scanToken code:[fn],token: [func/fn]
==== src/parser.c:120 match current type:13, func/fn-;
==== src/parser.c:106 parser advance scanToken code:[deadlineAfterMs],token: [identifier]
==== src/parser.c:106 parser advance scanToken code:[(],token: [(]
==== src/parser.c:106 parser advance scanToken code:[ms],token: [identifier]
==== src/parser.c:106 parser advance scanToken code:[:],token: [:]
==== src/parser.c:118 match current type:44, :-:
==== src/parser.c:106 parser advance scanToken code:[int],token: [int]
==== src/parser.c:120 match current type:21, int-:
==== src/parser.c:118 match current type:21, int-int
==== src/parser.c:106 parser advance scanToken code:[)],token: [)]
==== src/parser.c:120 match current type:51, )-int
==== src/parser.c:106 parser advance scanToken code:[long],token: [long]
==== src/parser.c:118 match current type:24, long-long
==== src/parser.c:106 parser advance scanToken code:[{],token: [{]
==== src/parser.c:120 match current type:52, {-long
==== src/parser.c:106 parser advance scanToken code:[
],token: [;]
==== src/parser.c:118 match current type:56, ;-;
==== src/parser.c:106 parser advance scanToken code:[if],token: [if]
==== src/parser.c:120 match current type:2, if-;
========+<parseStatement(683) [if],token:2,if
======== src/parser.c:118 match current type:2, if-if
======== src/parser.c:106 parser advance scanToken code:[ms],token: [identifier]
======== src/parser.c:120 match current type:58, identifier-if
============+<parseExpression(352) [ms],token:58,identifier
================+<parseBinaryExpr start(385) [ms],token:58,identifier
====================+<parseUnaryExpr(445) [ms],token:58,identifier
========================+<parsePrimaryExpr(464) [ms],token:58,identifier
======================== src/parser.c:467 parsePrimaryExpr: prev1 code:[ms],[if][identifier]
======================== src/parser.c:118 match current type:58, identifier-identifier
======================== src/parser.c:106 parser advance scanToken code:[<=],token: [<=]
======================== src/parser.c:120 match current type:37, <=-identifier
======================== src/parser.c:568 parsePrimaryExpr: current code:[<=],[identifier]
========================-/>parsePrimaryExpr(657) [<=],token:37,<=
====================-/>parseUnaryExpr(459) [<=],token:37,<=
================ src/parser.c:387 parseBinaryExpr: left type:3
================ src/parser.c:413 parseBinaryExpr: current token: <=/37, prec: 5, minPrec: 0
================ src/parser.c:106 parser advance scanToken code:[0],token: [int]
================ src/parser.c:433 parseBinaryExpr: parse right expr start, op type:37
====================+<parseBinaryExpr start(385) [0],token:21,int
========================+<parseUnaryExpr(445) [0],token:21,int
============================+<parsePrimaryExpr(464) [0],token:21,int
============================ src/parser.c:467 parsePrimaryExpr: prev1 code:[0],[<=][int]
============================ src/parser.c:118 match current type:21, int-int
============================ src/parser.c:106 parser advance scanToken code:[{],token: [{]
============================ src/parser.c:120 match current type:52, {-int
============================-/>parsePrimaryExpr(657) [{],token:52,{
========================-/>parseUnaryExpr(459) [{],token:52,{
==================== src/parser.c:387 parseBinaryExpr: left type:2
==================== src/parser.c:413 parseBinaryExpr: current token: {/52, prec: 0, minPrec: 6
==================== src/parser.c:421 parseBinaryExpr: breaking with current token: {
====================-/>parseBinaryExpr(440) [{],token:52,{
================ src/parser.c:438 parseBinaryExpr last: left type:0, operator:<=/<= right type:2, parser current token:{/52
================ src/parser.c:413 parseBinaryExpr: current token: {/52, prec: 0, minPrec: 0
================ src/parser.c:421 parseBinaryExpr: breaking with current token: {
================-/>parseBinaryExpr(440) [{],token:52,{
============ src/parser.c:355 parseExpression first type:0
exprType-0{(exprType-3{ms} <= exprType-2{LITERAL->21 0})}============ src/parser.c:359 parser->current.type = {
============ src/parser.c:379 parseExpression end type:0
============-/>parseExpression(380) [{],token:52,{
============+<parseStatement(683) [{],token:52,{
============ src/parser.c:118 match current type:52, {-{
============ src/parser.c:106 parser advance scanToken code:[
],token: [;]
============ src/parser.c:120 match current type:56, ;-{
============ src/parser.c:118 match current type:56, ;-;
============ src/parser.c:106 parser advance scanToken code:[return],token: [return]
============ src/parser.c:120 match current type:14, return-;
================+<parseStatement(683) [return],token:14,return
================ src/parser.c:118 match current type:14, return-return
================ src/parser.c:106 parser advance scanToken code:[0],token: [int]
================ src/parser.c:120 match current type:21, int-return
====================+<parseExpression(352) [0],token:21,int
========================+<parseBinaryExpr start(385) [0],token:21,int
============================+<parseUnaryExpr(445) [0],token:21,int
================================+<parsePrimaryExpr(464) [0],token:21,int
================================ src/parser.c:467 parsePrimaryExpr: prev1 code:[0],[return][int]
================================ src/parser.c:118 match current type:21, int-int
================================ src/parser.c:106 parser advance scanToken code:[
],token: [;]
================================ src/parser.c:120 match current type:56, ;-int
================================-/>parsePrimaryExpr(657) [
],token:56,;
============================-/>parseUnaryExpr(459) [
],token:56,;
======================== src/parser.c:387 parseBinaryExpr: left type:2
======================== src/parser.c:413 parseBinaryExpr: current token: ;/56, prec: 0, minPrec: 0
======================== src/parser.c:421 parseBinaryExpr: breaking with current token: ;
========================-/>parseBinaryExpr(440) [
],token:56,;
==================== src/parser.c:355 parseExpression first type:2
exprType-2{LITERAL->21 0}==================== src/parser.c:359 parser->current.type = ;
==================== src/parser.c:379 parseExpression end type:2
====================-/>parseExpression(380) [
],token:56,;
================ src/parser.c:106 parser advance scanToken code:[}],token: [}]
================-/>parseStatement(810) [}],token:53,}
============ src/parser.c:106 parser advance scanToken code:[
],token: [;]
============-/>parseStatement(810) [
],token:56,;
======== src/parser.c:118 match current type:56, ;-;
======== src/parser.c:106 parser advance scanToken code:[return],token: [return]
======== src/parser.c:120 match current type:14, return-;
========-/>parseStatement(810) [return],token:14,return
========+<parseStatement(683) [return],token:14,return
======== src/parser.c:118 match current type:14, return-return
======== src/parser.c:106 parser advance scanToken code:[tua_deadline_after_ms],token: [identifier]
======== src/parser.c:120 match current type:58, identifier-return
============+<parseExpression(352) [tua_deadline_after_ms],token:58,identifier
================+<parseBinaryExpr start(385) [tua_deadline_after_ms],token:58,identifier
====================+<parseUnaryExpr(445) [tua_deadline_after_ms],token:58,identifier
========================+<parsePrimaryExpr(464) [tua_deadline_after_ms],token:58,identifier
======================== src/parser.c:467 parsePrimaryExpr: prev1 code:[tua_deadline_after_ms],[return][identifier]
======================== src/parser.c:118 match current type:58, identifier-identifier
======================== src/parser.c:106 parser advance scanToken code:[(],token: [(]
======================== src/parser.c:120 match current type:50, (-identifier
======================== src/parser.c:568 parsePrimaryExpr: current code:[(],[identifier]
======================== src/parser.c:118 match current type:50, (-(
======================== src/parser.c:106 parser advance scanToken code:[ms],token: [identifier]
======================== src/parser.c:120 match current type:58, identifier-(
============================+<finishCall(662) [ms],token:58,identifier
================================+<parseExpression(352) [ms],token:58,identifier
====================================+<parseBinaryExpr start(385) [ms],token:58,identifier
========================================+<parseUnaryExpr(445) [ms],token:58,identifier
============================================+<parsePrimaryExpr(464) [ms],token:58,identifier
============================================ src/parser.c:467 parsePrimaryExpr: prev1 code:[ms],[(][identifier]
============================================ src/parser.c:118 match current type:58, identifier-identifier
============================================ src/parser.c:106 parser advance scanToken code:[)],token: [)]
============================================ src/parser.c:120 match current type:51, )-identifier
============================================ src/parser.c:568 parsePrimaryExpr: current code:[)],[identifier]
============================================-/>parsePrimaryExpr(657) [)],token:51,)
========================================-/>parseUnaryExpr(459) [)],token:51,)
==================================== src/parser.c:387 parseBinaryExpr: left type:3
==================================== src/parser.c:413 parseBinaryExpr: current token: )/51, prec: 0, minPrec: 0
==================================== src/parser.c:421 parseBinaryExpr: breaking with current token: )
====================================-/>parseBinaryExpr(440) [)],token:51,)
================================ src/parser.c:355 parseExpression first type:3
exprType-3{ms}================================ src/parser.c:359 parser->current.type = )
================================ src/parser.c:379 parseExpression end type:3
================================-/>parseExpression(380) [)],token:51,)
============================ src/parser.c:106 parser advance scanToken code:[
],token: [;]
============================-/>finishCall(678) [
],token:56,;
========================-/>parsePrimaryExpr(657) [
],token:56,;
====================-/>parseUnaryExpr(459) [
],token:56,;
================ src/parser.c:387 parseBinaryExpr: left type:5
================ src/parser.c:413 parseBinaryExpr: current token: ;/56, prec: 0, minPrec: 0
================ src/parser.c:421 parseBinaryExpr: breaking with current token: ;
================-/>parseBinaryExpr(440) [
],token:56,;
============ src/parser.c:355 parseExpression first type:5
exprType-5{exprType-3{tua_deadline_after_ms}(exprType-3{ms})}============ src/parser.c:359 parser->current.type = ;
============ src/parser.c:379 parseExpression end type:5
============-/>parseExpression(380) [
],token:56,;
======== src/parser.c:106 parser advance scanToken code:[}],token: [}]
========-/>parseStatement(810) [}],token:53,}
==== src/parser.c:106 parser advance scanToken code:[
],token: [;]
==== src/parser.c:118 match current type:56, ;-;
==== src/parser.c:106 parser advance scanToken code:[
],token: [;]
==== src/parser.c:120 match current type:56, ;-;
==== src/parser.c:118 match current type:56, ;-;
==== src/parser.c:106 parser advance scanToken code:[fn],token: [func/fn]
==== src/parser.c:120 match current type:13, func/fn-;
==== src/parser.c:106 parser advance scanToken code:[loopCreate],token: [identifier]
==== src/parser.c:106 parser advance scanToken code:[(],token: [(]
==== src/parser.c:106 parser advance scanToken code:[)],token: [)]
==== src/parser.c:106 parser advance scanToken code:[->],token: [->]
==== src/parser.c:118 match current type:43, ->-->
==== src/parser.c:106 parser advance scanToken code:[ptr],token: [identifier]
==== src/parser.c:120 match current type:58, identifier-->
==== src/parser.c:118 match current type:58, identifier-identifier
==== src/parser.c:106 parser advance scanToken code:[{],token: [{]
==== src/parser.c:120 match current type:52, {-identifier
==== src/parser.c:106 parser advance scanToken code:[
],token: [;]
==== src/parser.c:118 match current type:56, ;-;
==== src/parser.c:106 parser advance scanToken code:[let],token: [var/let]
==== src/parser.c:120 match current type:0, var/let-;
==== src/parser.c:118 match current type:0, var/let-var/let
==== src/parser.c:106 parser advance scanToken code:[loop],token: [identifier]
==== src/parser.c:120 match current type:58, identifier-var/let
========+<parseVarDeclaration(1112) [loop],token:58,identifier
======== src/parser.c:106 parser advance scanToken code:[:],token: [:]
======== src/parser.c:118 match current type:44, :-:
======== src/parser.c:106 parser advance scanToken code:[ptr],token: [identifier]
======== src/parser.c:120 match current type:58, identifier-:
======== src/parser.c:118 match current type:58, identifier-identifier
======== src/parser.c:106 parser advance scanToken code:[=],token: [=]
======== src/parser.c:120 match current type:30, =-identifier
======== src/parser.c:118 match current type:30, =-=
======== src/parser.c:106 parser advance scanToken code:[null],token: [null]
======== src/parser.c:120 match current type:27, null-=
============+<parseExpression(352) [null],token:27,null
================+<parseBinaryExpr start(385) [null],token:27,null
====================+<parseUnaryExpr(445) [null],token:27,null
========================+<parsePrimaryExpr(464) [null],token:27,null
======================== src/parser.c:467 parsePrimaryExpr: prev1 code:[null],[=][null]
======================== src/parser.c:118 match current type:27, null-null
======================== src/parser.c:106 parser advance scanToken code:[
],token: [;]
======================== src/parser.c:120 match current type:56, ;-null
========================-/>parsePrimaryExpr(657) [
],token:56,;
====================-/>parseUnaryExpr(459) [
],token:56,;
================ src/parser.c:387 parseBinaryExpr: left type:2
================ src/parser.c:413 parseBinaryExpr: current token: ;/56, prec: 0, minPrec: 0
================ src/parser.c:421 parseBinaryExpr: breaking with current token: ;
================-/>parseBinaryExpr(440) [
],token:56,;
============ src/parser.c:355 parseExpression first type:2
exprType-2{LITERAL->27 null}============ src/parser.c:359 parser->current.type = ;
============ src/parser.c:379 parseExpression end type:2
============-/>parseExpression(380) [
],token:56,;
======== src/parser.c:106 parser advance scanToken code:[let],token: [var/let]
========-/>parseVarDeclaration(1229) [let],token:0,var/let
==== src/parser.c:118 match current type:0, var/let-var/let
==== src/parser.c:106 parser advance scanToken code:[err],token: [identifier]
==== src/parser.c:120 match current type:58, identifier-var/let
========+<parseVarDeclaration(1112) [err],token:58,identifier
======== src/parser.c:106 parser advance scanToken code:[=],token: [=]
======== src/parser.c:118 match current type:30, =-=
======== src/parser.c:106 parser advance scanToken code:[tua_loop_create],token: [identifier]
======== src/parser.c:120 match current type:58, identifier-=
============+<parseExpression(352) [tua_loop_create],token:58,identifier
================+<parseBinaryExpr start(385) [tua_loop_create],token:58,identifier
====================+<parseUnaryExpr(445) [tua_loop_create],token:58,identifier
========================+<parsePrimaryExpr(464) [tua_loop_create],token:58,identifier
======================== src/parser.c:467 parsePrimaryExpr: prev1 code:[tua_loop_create],[=][identifier]
======================== src/parser.c:118 match current type:58, identifier-identifier
======================== src/parser.c:106 parser advance scanToken code:[(],token: [(]
======================== src/parser.c:120 match current type:50, (-identifier
======================== src/parser.c:568 parsePrimaryExpr: current code:[(],[identifier]
======================== src/parser.c:118 match current type:50, (-(
======================== src/parser.c:106 parser advance scanToken code:[&],token: [&]
======================== src/parser.c:120 match current type:42, &-(
============================+<finishCall(662) [&],token:42,&
================================+<parseExpression(352) [&],token:42,&
====================================+<parseBinaryExpr start(385) [&],token:42,&
========================================+<parseUnaryExpr(445) [&],token:42,&
======================================== src/parser.c:118 match current type:42, &-&
======================================== src/parser.c:106 parser advance scanToken code:[loop],token: [identifier]
======================================== src/parser.c:120 match current type:58, identifier-&
============================================+<parseUnaryExpr(445) [loop],token:58,identifier
================================================+<parsePrimaryExpr(464) [loop],token:58,identifier
================================================ src/parser.c:467 parsePrimaryExpr: prev1 code:[loop],[&][identifier]
================================================ src/parser.c:118 match current type:58, identifier-identifier
================================================ src/parser.c:106 parser advance scanToken code:[)],token: [)]
================================================ src/parser.c:120 match current type:51, )-identifier
================================================ src/parser.c:568 parsePrimaryExpr: current code:[)],[identifier]
================================================-/>parsePrimaryExpr(657) [)],token:51,)
============================================-/>parseUnaryExpr(459) [)],token:51,)
========================================-/>parseUnaryExpr(454) [)],token:51,)
==================================== src/parser.c:387 parseBinaryExpr: left type:1
==================================== src/parser.c:413 parseBinaryExpr: current token: )/51, prec: 0, minPrec: 0
==================================== src/parser.c:421 parseBinaryExpr: breaking with current token: )
====================================-/>parseBinaryExpr(440) [)],token:51,)
================================ src/parser.c:355 parseExpression first type:1
exprType-1{(&exprType-3{loop})}================================ src/parser.c:359 parser->current.type = )
================================ src/parser.c:379 parseExpression end type:1
================================-/>parseExpression(380) [)],token:51,)
============================ src/parser.c:106 parser advance scanToken code:[
],token: [;]
============================-/>finishCall(678) [
],token:56,;
========================-/>parsePrimaryExpr(657) [
],token:56,;
====================-/>parseUnaryExpr(459) [
],token:56,;
================ src/parser.c:387 parseBinaryExpr: left type:5
================ src/parser.c:413 parseBinaryExpr: current token: ;/56, prec: 0, minPrec: 0
================ src/parser.c:421 parseBinaryExpr: breaking with current token: ;
================-/>parseBinaryExpr(440) [
],token:56,;
============ src/parser.c:355 parseExpression first type:5
exprType-5{exprType-3{tua_loop_create}(exprType-1{(&exprType-3{loop})})}============ src/parser.c:359 parser->current.type = ;
============ src/parser.c:379 parseExpression end type:5
============-/>parseExpression(380) [
],token:56,;
======== src/parser.c:106 parser advance scanToken code:[if],token: [if]
========-/>parseVarDeclaration(1229) [if],token:2,if
========+<parseStatement(683) [if],token:2,if
======== src/parser.c:118 match current type:2, if-if
======== src/parser.c:106 parser advance scanToken code:[err],token: [identifier]
======== src/parser.c:120 match current type:58, identifier-if
============+<parseExpression(352) [err],token:58,identifier
================+<parseBinaryExpr start(385) [err],token:58,identifier
====================+<parseUnaryExpr(445) [err],token:58,identifier
========================+<parsePrimaryExpr(464) [err],token:58,identifier
======================== src/parser.c:467 parsePrimaryExpr: prev1 code:[err],[if][identifier]
======================== src/parser.c:118 match current type:58, identifier-identifier
======================== src/parser.c:106 parser advance scanToken code:[!=],token: [!=]
======================== src/parser.c:120 match current type:46, !=-identifier
======================== src/parser.c:568 parsePrimaryExpr: current code:[!=],[identifier]
========================-/>parsePrimaryExpr(657) [!=],token:46,!=
====================-/>parseUnaryExpr(459) [!=],token:46,!=
================ src/parser.c:387 parseBinaryExpr: left type:3
================ src/parser.c:413 parseBinaryExpr: current token: !=/46, prec: 4, minPrec: 0
================ src/parser.c:106 parser advance scanToken code:[0],token: [int]
================ src/parser.c:433 parseBinaryExpr: parse right expr start, op type:46
====================+<parseBinaryExpr start(385) [0],token:21,int
========================+<parseUnaryExpr(445) [0],token:21,int
============================+<parsePrimaryExpr(464) [0],token:21,int
============================ src/parser.c:467 parsePrimaryExpr: prev1 code:[0],[!=][int]
============================ src/parser.c:118 match current type:21, int-int
============================ src/parser.c:106 parser advance scanToken code:[{],token: [{]
============================ src/parser.c:120 match current type:52, {-int
============================-/>parsePrimaryExpr(657) [{],token:52,{
========================-/>parseUnaryExpr(459) [{],token:52,{
==================== src/parser.c:387 parseBinaryExpr: left type:2
==================== src/parser.c:413 parseBinaryExpr: current token: {/52, prec: 0, minPrec: 5
==================== src/parser.c:421 parseBinaryExpr: breaking with current token: {
====================-/>parseBinaryExpr(440) [{],token:52,{
================ src/parser.c:438 parseBinaryExpr last: left type:0, operator:!=/!= right type:2, parser current token:{/52
================ src/parser.c:413 parseBinaryExpr: current token: {/52, prec: 0, minPrec: 0
================ src/parser.c:421 parseBinaryExpr: breaking with current token: {
================-/>parseBinaryExpr(440) [{],token:52,{
============ src/parser.c:355 parseExpression first type:0
exprType-0{(exprType-3{err} != exprType-2{LITERAL->21 0})}============ src/parser.c:359 parser->current.type = {
============ src/parser.c:379 parseExpression end type:0
============-/>parseExpression(380) [{],token:52,{
============+<parseStatement(683) [{],token:52,{
============ src/parser.c:118 match current type:52, {-{
============ src/parser.c:106 parser advance scanToken code:[
],token: [;]
============ src/parser.c:120 match current type:56, ;-{
============ src/parser.c:118 match current type:56, ;-;
============ src/parser.c:106 parser advance scanToken code:[return],token: [return]
============ src/parser.c:120 match current type:14, return-;
================+<parseStatement(683) [return],token:14,return
================ src/parser.c:118 match current type:14, return-return
================ src/parser.c:106 parser advance scanToken code:[null],token: [null]
================ src/parser.c:120 match current type:27, null-return
====================+<parseExpression(352) [null],token:27,null
========================+<parseBinaryExpr start(385) [null],token:27,null
============================+<parseUnaryExpr(445) [null],token:27,null
================================+<parsePrimaryExpr(464) [null],token:27,null
================================ src/parser.c:467 parsePrimaryExpr: prev1 code:[null],[return][null]
================================ src/parser.c:118 match current type:27, null-null
================================ src/parser.c:106 parser advance scanToken code:[
],token: [;]
================================ src/parser.c:120 match current type:56, ;-null
================================-/>parsePrimaryExpr(657) [
],token:56,;
============================-/>parseUnaryExpr(459) [
],token:56,;
======================== src/parser.c:387 parseBinaryExpr: left type:2
======================== src/parser.c:413 parseBinaryExpr: current token: ;/56, prec: 0, minPrec: 0
======================== src/parser.c:421 parseBinaryExpr: breaking with current token: ;
========================-/>parseBinaryExpr(440) [
],token:56,;
==================== src/parser.c:355 parseExpression first type:2
exprType-2{LITERAL->27 null}==================== src/parser.c:359 parser->current.type = ;
==================== src/parser.c:379 parseExpression end type:2
====================-/>parseExpression(380) [
],token:56,;
================ src/parser.c:106 parser advance scanToken code:[}],token: [}]
================-/>parseStatement(810) [}],token:53,}
============ src/parser.c:106 parser advance scanToken code:[
],token: [;]
============-/>parseStatement(810) [
],token:56,;
======== src/parser.c:118 match current type:56, ;-;
======== src/parser.c:106 parser advance scanToken code:[return],token: [return]
======== src/parser.c:120 match current type:14, return-;
========-/>parseStatement(810) [return],token:14,return
========+<parseStatement(683) [return],token:14,return
======== src/parser.c:118 match current type:14, return-return
======== src/parser.c:106 parser advance scanToken code:[loop],token: [identifier]
======== src/parser.c:120 match current type:58, identifier-return
============+<parseExpression(352) [loop],token:58,identifier
================+<parseBinaryExpr start(385) [loop],token:58,identifier
====================+<parseUnaryExpr(445) [loop],token:58,identifier
========================+<parsePrimaryExpr(464) [loop],token:58,identifier
======================== src/parser.c:467 parsePrimaryExpr: prev1 code:[loop],[return][identifier]
======================== src/parser.c:118 match current type:58, identifier-identifier
======================== src/parser.c:106 parser advance scanToken code:[
],token: [;]
======================== src/parser.c:120 match current type:56, ;-identifier
======================== src/parser.c:568 parsePrimaryExpr: current code:[
],[identifier]
========================-/>parsePrimaryExpr(657) [
],token:56,;
====================-/>parseUnaryExpr(459) [
],token:56,;
================ src/parser.c:387 parseBinaryExpr: left type:3
================ src/parser.c:413 parseBinaryExpr: current token: ;/56, prec: 0, minPrec: 0
================ src/parser.c:421 parseBinaryExpr: breaking with current token: ;
================-/>parseBinaryExpr(440) [
],token:56,;
============ src/parser.c:355 parseExpression first type:3
exprType-3{loop}============ src/parser.c:359 parser->current.type = ;
============ src/parser.c:379 parseExpression end type:3
============-/>parseExpression(380) [
],token:56,;
======== src/parser.c:106 parser advance scanToken code:[}],token: [}]
========-/>parseStatement(810) [}],token:53,}
==== src/parser.c:106 parser advance scanToken code:[
],token: [;]
==== src/parser.c:118 match current type:56, ;-;
==== src/parser.c:106 parser advance scanToken code:[
],token: [;]
==== src/parser.c:120 match current type:56, ;-;
==== src/parser.c:118 match current type:56, ;-;
==== src/parser.c:106 parser advance scanToken code:[fn],token: [func/fn]
==== src/parser.c:120 match current type:13, func/fn-;
==== src/parser.c:106 parser advance scanToken code:[loopRun],token: [identifier]
==== src/parser.c:106 parser advance scanToken code:[(],token: [(]
==== src/parser.c:106 parser advance scanToken code:[loop],token: [identifier]
==== src/parser.c:106 parser advance scanToken code:[:],token: [:]
==== src/parser.c:118 match current type:44, :-:
==== src/parser.c:106 parser advance scanToken code:[ptr],token: [identifier]
==== src/parser.c:120 match current type:58, identifier-:
==== src/parser.c:118 match current type:58, identifier-identifier
==== src/parser.c:106 parser advance scanToken code:[)],token: [)]
==== src/parser.c:120 match current type:51, )-identifier
==== src/parser.c:106 parser advance scanToken code:[int],token: [int]
==== src/parser.c:118 match current type:21, int-int
==== src/parser.c:106 parser advance scanToken code:[{],token: [{]
==== src/parser.c:120 match current type:52, {-int
==== src/parser.c:106 parser advance scanToken code:[
],token: [;]
==== src/parser.c:118 match current type:56, ;-;
==== src/parser.c:106 parser advance scanToken code:[return],token: [return]
==== src/parser.c:120 match current type:14, return-;
========+<parseStatement(683) [return],token:14,return
======== src/parser.c:118 match current type:14, return-return
======== src/parser.c:106 parser advance scanToken code:[tua_loop_run],token: [identifier]
======== src/parser.c:120 match current type:58, identifier-return
============+<parseExpression(352) [tua_loop_run],token:58,identifier
================+<parseBinaryExpr start(385) [tua_loop_run],token:58,identifier
====================+<parseUnaryExpr(445) [tua_loop_run],token:58,identifier
========================+<parsePrimaryExpr(464) [tua_loop_run],token:58,identifier
======================== src/parser.c:467 parsePrimaryExpr: prev1 code:[tua_loop_run],[return][identifier]
======================== src/parser.c:118 match current type:58, identifier-identifier
======================== src/parser.c:106 parser advance scanToken code:[(],token: [(]
======================== src/parser.c:120 match current type:50, (-identifier
======================== src/parser.c:568 parsePrimaryExpr: current code:[(],[identifier]
======================== src/parser.c:118 match current type:50, (-(
======================== src/parser.c:106 parser advance scanToken code:[loop],token: [identifier]
======================== src/parser.c:120 match current type:58, identifier-(
============================+<finishCall(662) [loop],token:58,identifier
================================+<parseExpression(352) [loop],token:58,identifier
====================================+<parseBinaryExpr start(385) [loop],token:58,identifier
========================================+<parseUnaryExpr(445) [loop],token:58,identifier
============================================+<parsePrimaryExpr(464) [loop],token:58,identifier
============================================ src/parser.c:467 parsePrimaryExpr: prev1 code:[loop],[(][identifier]
============================================ src/parser.c:118 match current type:58, identifier-identifier
============================================ src/parser.c:106 parser advance scanToken code:[)],token: [)]
============================================ src/parser.c:120 match current type:51, )-identifier
============================================ src/parser.c:568 parsePrimaryExpr: current code:[)],[identifier]
============================================-/>parsePrimaryExpr(657) [)],token:51,)
========================================-/>parseUnaryExpr(459) [)],token:51,)
==================================== src/parser.c:387 parseBinaryExpr: left type:3
==================================== src/parser.c:413 parseBinaryExpr: current token: )/51, prec: 0, minPrec: 0
==================================== src/parser.c:421 parseBinaryExpr: breaking with current token: )
====================================-/>parseBinaryExpr(440) [)],token:51,)
================================ src/parser.c:355 parseExpression first type:3
exprType-3{loop}================================ src/parser.c:359 parser->current.type = )
================================ src/parser.c:379 parseExpression end type:3
================================-/>parseExpression(380) [)],token:51,)
============================ src/parser.c:106 parser advance scanToken code:[
],token: [;]
============================-/>finishCall(678) [
],token:56,;
========================-/>parsePrimaryExpr(657) [
],token:56,;
====================-/>parseUnaryExpr(459) [
],token:56,;
================ src/parser.c:387 parseBinaryExpr: left type:5
================ src/parser.c:413 parseBinaryExpr: current token: ;/56, prec: 0, minPrec: 0
================ src/parser.c:421 parseBinaryExpr: breaking with current token: ;
================-/>parseBinaryExpr(440) [
],token:56,;
============ src/parser.c:355 parseExpression first type:5
exprType-5{exprType-3{tua_loop_run}(exprType-3{loop})}============ src/parser.c:359 parser->current.type = ;
============ src/parser.c:379 parseExpression end type:5
============-/>parseExpression(380) [
],token:56,;
======== src/parser.c:106 parser advance scanToken code:[}],token: [}]
========-/>parseStatement(810) [}],token:53,}
==== src/parser.c:106 parser advance scanToken code:[
],token: [;]
==== src/parser.c:118 match current type:56, ;-;
==== src/parser.c:106 parser advance scanToken code:[
],token: [;]
==== src/parser.c:120 match current type:56, ;-;
==== src/parser.c:118 match current type:56, ;-;
==== src/parser.c:106 parser advance scanToken code:[fn],token: [func/fn]
==== src/parser.c:120 match current type:13, func/fn-;
==== src/parser.c:106 parser advance scanToken code:[loopStop],token: [identifier]
==== src/parser.c:106 parser advance scanToken code:[(],token: [(]
==== src/parser.c:106 parser advance scanToken code:[loop],token: [identifier]
==== src/parser.c:106 parser advance scanToken code:[:],token: [:]
==== src/parser.c:118 match current type:44, :-:
==== src/parser.c:106 parser advance scanToken code:[ptr],token: [identifier]
==== src/parser.c:120 match current type:58, identifier-:
==== src/parser.c:118 match current type:58, identifier-identifier
==== src/parser.c:106 parser advance scanToken code:[)],token: [)]
==== src/parser.c:120 match current type:51, )-identifier
==== src/parser.c:106 parser advance scanToken code:[{],token: [{]
==== src/parser.c:106 parser advance scanToken code:[
],token: [;]
==== src/parser.c:118 match current type:56, ;-;
==== src/parser.c:106 parser advance scanToken code:[tua_loop_stop],token: [identifier]
==== src/parser.c:120 match current type:58, identifier-;
==== src/parser.c:106 parser advance scanToken code:[(],token: [(]
========+<parseExpressionStatement(1068) [tua_loop_stop],token:58,identifier
============+<parseExpression(352) [tua_loop_stop],token:58,identifier
================+<parseBinaryExpr start(385) [tua_loop_stop],token:58,identifier
====================+<parseUnaryExpr(445) [tua_loop_stop],token:58,identifier
========================+<parsePrimaryExpr(464) [tua_loop_stop],token:58,identifier
======================== src/parser.c:467 parsePrimaryExpr: prev1 code:[tua_loop_stop],[identifier][identifier]
======================== src/parser.c:118 match current type:58, identifier-identifier
======================== src/parser.c:106 parser advance scanToken code:[(],token: [(]
======================== src/parser.c:120 match current type:50, (-identifier
======================== src/parser.c:568 parsePrimaryExpr: current code:[(],[identifier]
======================== src/parser.c:118 match current type:50, (-(
======================== src/parser.c:106 parser advance scanToken code:[loop],token: [identifier]
======================== src/parser.c:120 match current type:58, identifier-(
============================+<finishCall(662) [loop],token:58,identifier
================================+<parseExpression(352) [loop],token:58,identifier
====================================+<parseBinaryExpr start(385) [loop],token:58,identifier
========================================+<parseUnaryExpr(445) [loop],token:58,identifier
============================================+<parsePrimaryExpr(464) [loop],token:58,identifier
============================================ src/parser.c:467 parsePrimaryExpr: prev1 code:[loop],[(][identifier]
============================================ src/parser.c:118 match current type:58, identifier-identifier
============================================ src/parser.c:106 parser advance scanToken code:[)],token: [)]
============================================ src/parser.c:120 match current type:51, )-identifier
============================================ src/parser.c:568 parsePrimaryExpr: current code:[)],[identifier]
============================================-/>parsePrimaryExpr(657) [)],token:51,)
========================================-/>parseUnaryExpr(459) [)],token:51,)
==================================== src/parser.c:387 parseBinaryExpr: left type:3
==================================== src/parser.c:413 parseBinaryExpr: current token: )/51, prec: 0, minPrec: 0
==================================== src/parser.c:421 parseBinaryExpr: breaking with current token: )
====================================-/>parseBinaryExpr(440) [)],token:51,)
================================ src/parser.c:355 parseExpression first type:3
exprType-3{loop}================================ src/parser.c:359 parser->current.type = )
================================ src/parser.c:379 parseExpression end type:3
================================-/>parseExpression(380) [)],token:51,)
============================ src/parser.c:106 parser advance scanToken code:[
],token: [;]
============================-/>finishCall(678) [
],token:56,;
========================-/>parsePrimaryExpr(657) [
],token:56,;
====================-/>parseUnaryExpr(459) [
],token:56,;
================ src/parser.c:387 parseBinaryExpr: left type:5
================ src/parser.c:413 parseBinaryExpr: current token: ;/56, prec: 0, minPrec: 0
================ src/parser.c:421 parseBinaryExpr: breaking with current token: ;
================-/>parseBinaryExpr(440) [
],token:56,;
============ src/parser.c:355 parseExpression first type:5
exprType-5{exprType-3{tua_loop_stop}(exprType-3{loop})}============ src/parser.c:359 parser->current.type = ;
============ src/parser.c:379 parseExpression end type:5
============-/>parseExpression(380) [
],token:56,;
======== src/parser.c:1074 expr type: [5]
======== src/parser.c:106 parser advance scanToken code:[}],token: [}]
========-/>parseExpressionStatement(1081) [}],token:53,}
==== src/parser.c:106 parser advance scanToken code:[
],token: [;]
==== src/parser.c:118 match current type:56, ;-;
==== src/parser.c:106 parser advance scanToken code:[
],token: [;]
==== src/parser.c:120 match current type:56, ;-;
==== src/parser.c:118 match current type:56, ;-;
==== src/parser.c:106 parser advance scanToken code:[fn],token: [func/fn]
==== src/parser.c:120 match current type:13, func/fn-;
==== src/parser.c:106 parser advance scanToken code:[loopFree],token: [identifier]
==== src/parser.c:106 parser advance scanToken code:[(],token: [(]
==== src/parser.c:106 parser advance scanToken code:[loop],token: [identifier]
==== src/parser.c:106 parser advance scanToken code:[:],token: [:]
==== src/parser.c:118 match current type:44, :-:
==== src/parser.c:106 parser advance scanToken code:[ptr],token: [identifier]
==== src/parser.c:120 match current type:58, identifier-:
==== src/parser.c:118 match current type:58, identifier-identifier
==== src/parser.c:106 parser advance scanToken code:[)],token: [)]
==== src/parser.c:120 match current type:51, )-identifier
==== src/parser.c:106 parser advance scanToken code:[{],token: [{]
==== src/parser.c:106 parser advance scanToken code:[
],token: [;]
==== src/parser.c:118 match current type:56, ;-;
==== src/parser.c:106 parser advance scanToken code:[tua_loop_free],token: [identifier]
==== src/parser.c:120 match current type:58, identifier-;
==== src/parser.c:106 parser advance scanToken code:[(],token: [(]
========+<parseExpressionStatement(1068) [tua_loop_free],token:58,identifier
============+<parseExpression(352) [tua_loop_free],token:58,identifier
================+<parseBinaryExpr start(385) [tua_loop_free],token:58,identifier
====================+<parseUnaryExpr(445) [tua_loop_free],token:58,identifier
========================+<parsePrimaryExpr(464) [tua_loop_free],token:58,identifier
======================== src/parser.c:467 parsePrimaryExpr: prev1 code:[tua_loop_free],[identifier][identifier]
======================== src/parser.c:118 match current type:58, identifier-identifier
======================== src/parser.c:106 parser advance scanToken code:[(],token: [(]
======================== src/parser.c:120 match current type:50, (-identifier
======================== src/parser.c:568 parsePrimaryExpr: current code:[(],[identifier]
======================== src/parser.c:118 match current type:50, (-(
======================== src/parser.c:106 parser advance scanToken code:[loop],token: [identifier]
======================== src/parser.c:120 match current type:58, identifier-(
============================+<finishCall(662) [loop],token:58,identifier
================================+<parseExpression(352) [loop],token:58,identifier
====================================+<parseBinaryExpr start(385) [loop],token:58,identifier
========================================+<parseUnaryExpr(445) [loop],token:58,identifier
============================================+<parsePrimaryExpr(464) [loop],token:58,identifier
============================================ src/parser.c:467 parsePrimaryExpr: prev1 code:[loop],[(][identifier]
============================================ src/parser.c:118 match current type:58, identifier-identifier
============================================ src/parser.c:106 parser advance scanToken code:[)],token: [)]
============================================ src/parser.c:120 match current type:51, )-identifier
============================================ src/parser.c:568 parsePrimaryExpr: current code:[)],[identifier]
============================================-/>parsePrimaryExpr(657) [)],token:51,)
========================================-/>parseUnaryExpr(459) [)],token:51,)
==================================== src/parser.c:387 parseBinaryExpr: left type:3
==================================== src/parser.c:413 parseBinaryExpr: current token: )/51, prec: 0, minPrec: 0
==================================== src/parser.c:421 parseBinaryExpr: breaking with current token: )
====================================-/>parseBinaryExpr(440) [)],token:51,)
================================ src/parser.c:355 parseExpression first type:3
exprType-3{loop}================================ src/parser.c:359 parser->current.type = )
================================ src/parser.c:379 parseExpression end type:3
================================-/>parseExpression(380) [)],token:51,)
============================ src/parser.c:106 parser advance scanToken code:[
],token: [;]
============================-/>finishCall(678) [
],token:56,;
========================-/>parsePrimaryExpr(657) [
],token:56,;
====================-/>parseUnaryExpr(459) [
],token:56,;
================ src/parser.c:387 parseBinaryExpr: left type:5
================ src/parser.c:413 parseBinaryExpr: current token: ;/56, prec: 0, minPrec: 0
================ src/parser.c:421 parseBinaryExpr: breaking with current token: ;
================-/>parseBinaryExpr(440) [
],token:56,;
============ src/parser.c:355 parseExpression first type:5
exprType-5{exprType-3{tua_loop_free}(exprType-3{loop})}============ src/parser.c:359 parser->current.type = ;
============ src/parser.c:379 parseExpression end type:5
============-/>parseExpression(380) [
],token:56,;
======== src/parser.c:1074 expr type: [5]
======== src/parser.c:106 parser advance scanToken code:[}],token: [}]
========-/>parseExpressionStatement(1081) [}],token:53,}
==== src/parser.c:106 parser advance scanToken code:[
],token: [;]
==== src/parser.c:118 match current type:56, ;-;
==== src/parser.c:106 parser advance scanToken code:[
],token: [;]
==== src/parser.c:120 match current type:56, ;-;
==== src/parser.c:118 match current type:56, ;-;
==== src/parser.c:106 parser advance scanToken code:[fn],token: [func/fn]
==== src/parser.c:120 match current type:13, func/fn-;
==== src/parser.c:106 parser advance scanToken code:[workqueueCreate],token: [identifier]
==== src/parser.c:106 parser advance scanToken code:[(],token: [(]
==== src/parser.c:106 parser advance scanToken code:[threads],token: [identifier]
==== src/parser.c:106 parser advance scanToken code:[:],token: [:]
==== src/parser.c:118 match current type:44, :-:
==== src/parser.c:106 parser advance scanToken code:[int],token: [int]
==== src/parser.c:120 match current type:21, int-:
==== src/parser.c:118 match current type:21, int-int
==== src/parser.c:106 parser advance scanToken code:[)],token: [)]
==== src/parser.c:120 match current type:51, )-int
==== src/parser.c:106 parser advance scanToken code:[->],token: [->]
==== src/parser.c:118 match current type:43, ->-->
==== src/parser.c:106 parser advance scanToken code:[ptr],token: [identifier]
==== src/parser.c:120 match current type:58, identifier-->
==== src/parser.c:118 match current type:58, identifier-identifier
==== src/parser.c:106 parser advance scanToken code:[{],token: [{]
==== src/parser.c:120 match current type:52, {-identifier
==== src/parser.c:106 parser advance scanToken code:[
],token: [;]
==== src/parser.c:118 match current type:56, ;-;
==== src/parser.c:106 parser advance scanToken code:[let],token: [var/let]
==== src/parser.c:120 match current type:0, var/let-;
==== src/parser.c:118 match current type:0, var/let-var/let
==== src/parser.c:106 parser advance scanToken code:[wq],token: [identifier]
==== src/parser.c:120 match current type:58, identifier-var/let
========+<parseVarDeclaration(1112) [wq],token:58,identifier
======== src/parser.c:106 parser advance scanToken code:[:],token: [:]
======== src/parser.c:118 match current type:44, :-:
======== src/parser.c:106 parser advance scanToken code:[ptr],token: [identifier]
======== src/parser.c:120 match current type:58, identifier-:
======== src/parser.c:118 match current type:58, identifier-identifier
======== src/parser.c:106 parser advance scanToken code:[=],token: [=]
======== src/parser.c:120 match current type:30, =-identifier
======== src/parser.c:118 match current type:30, =-=
======== src/parser.c:106 parser advance scanToken code:[null],token: [null]
======== src/parser.c:120 match current type:27, null-=
============+<parseExpression(352) [null],token:27,null
================+<parseBinaryExpr start(385) [null],token:27,null
====================+<parseUnaryExpr(445) [null],token:27,null
========================+<parsePrimaryExpr(464) [null],token:27,null
======================== src/parser.c:467 parsePrimaryExpr: prev1 code:[null],[=][null]
======================== src/parser.c:118 match current type:27, null-null
======================== src/parser.c:106 parser advance scanToken code:[
],token: [;]
======================== src/parser.c:120 match current type:56, ;-null
========================-/>parsePrimaryExpr(657) [
],token:56,;
====================-/>parseUnaryExpr(459) [
],token:56,;
================ src/parser.c:387 parseBinaryExpr: left type:2
================ src/parser.c:413 parseBinaryExpr: current token: ;/56, prec: 0, minPrec: 0
================ src/parser.c:421 parseBinaryExpr: breaking with current token: ;
================-/>parseBinaryExpr(440) [
],token:56,;
============ src/parser.c:355 parseExpression first type:2
exprType-2{LITERAL->27 null}============ src/parser.c:359 parser->current.type = ;
============ src/parser.c:379 parseExpression end type:2
============-/>parseExpression(380) [
],token:56,;
======== src/parser.c:106 parser advance scanToken code:[let],token: [var/let]
========-/>parseVarDeclaration(1229) [let],token:0,var/let
==== src/parser.c:118 match current type:0, var/let-var/let
==== src/parser.c:106 parser advance scanToken code:[err],token: [identifier]
==== src/parser.c:120 match current type:58, identifier-var/let
========+<parseVarDeclaration(1112) [err],token:58,identifier
======== src/parser.c:106 parser advance scanToken code:[=],token: [=]
======== src/parser.c:118 match current type:30, =-=
======== src/parser.c:106 parser advance scanToken code:[tua_workqueue_create],token: [identifier]
======== src/parser.c:120 match current type:58, identifier-=
============+<parseExpression(352) [tua_workqueue_create],token:58,identifier
================+<parseBinaryExpr start(385) [tua_workqueue_create],token:58,identifier
====================+<parseUnaryExpr(445) [tua_workqueue_create],token:58,identifier
========================+<parsePrimaryExpr(464) [tua_workqueue_create],token:58,identifier
======================== src/parser.c:467 parsePrimaryExpr: prev1 code:[tua_workqueue_create],[=][identifier]
======================== src/parser.c:118 match current type:58, identifier-identifier
======================== src/parser.c:106 parser advance scanToken code:[(],token: [(]
======================== src/parser.c:120 match current type:50, (-identifier
======================== src/parser.c:568 parsePrimaryExpr: current code:[(],[identifier]
======================== src/parser.c:118 match current type:50, (-(
======================== src/parser.c:106 parser advance scanToken code:[&],token: [&]
======================== src/parser.c:120 match current type:42, &-(
============================+<finishCall(662) [&],token:42,&
================================+<parseExpression(352) [&],token:42,&
====================================+<parseBinaryExpr start(385) [&],token:42,&
========================================+<parseUnaryExpr(445) [&],token:42,&
======================================== src/parser.c:118 match current type:42, &-&
======================================== src/parser.c:106 parser advance scanToken code:[wq],token: [identifier]
======================================== src/parser.c:120 match current type:58, identifier-&
============================================+<parseUnaryExpr(445) [wq],token:58,identifier
================================================+<parsePrimaryExpr(464) [wq],token:58,identifier
================================================ src/parser.c:467 parsePrimaryExpr: prev1 code:[wq],[&][identifier]
================================================ src/parser.c:118 match current type:58, identifier-identifier
================================================ src/parser.c:106 parser advance scanToken code:[,],token: [,]
================================================ src/parser.c:120 match current type:57, ,-identifier
================================================ src/parser.c:568 parsePrimaryExpr: current code:[,],[identifier]
================================================-/>parsePrimaryExpr(657) [,],token:57,,
============================================-/>parseUnaryExpr(459) [,],token:57,,
========================================-/>parseUnaryExpr(454) [,],token:57,,
==================================== src/parser.c:387 parseBinaryExpr: left type:1
==================================== src/parser.c:413 parseBinaryExpr: current token: ,/57, prec: 0, minPrec: 0
==================================== src/parser.c:421 parseBinaryExpr: breaking with current token: ,
====================================-/>parseBinaryExpr(440) [,],token:57,,
================================ src/parser.c:355 parseExpression first type:1
exprType-1{(&exprType-3{wq})}================================ src/parser.c:359 parser->current.type = ,
================================ src/parser.c:379 parseExpression end type:1
================================-/>parseExpression(380) [,],token:57,,
============================ src/parser.c:118 match current type:57, ,-,
============================ src/parser.c:106 parser advance scanToken code:[threads],token: [identifier]
============================ src/parser.c:120 match current type:58, identifier-,
================================+<parseExpression(352) [threads],token:58,identifier
====================================+<parseBinaryExpr start(385) [threads],token:58,identifier
========================================+<parseUnaryExpr(445) [threads],token:58,identifier
============================================+<parsePrimaryExpr(464) [threads],token:58,identifier
============================================ src/parser.c:467 parsePrimaryExpr: prev1 code:[threads],[,][identifier]
============================================ src/parser.c:118 match current type:58, identifier-identifier
============================================ src/parser.c:106 parser advance scanToken code:[)],token: [)]
============================================ src/parser.c:120 match current type:51, )-identifier
============================================ src/parser.c:568 parsePrimaryExpr: current code:[)],[identifier]
============================================-/>parsePrimaryExpr(657) [)],token:51,)
========================================-/>parseUnaryExpr(459) [)],token:51,)
==================================== src/parser.c:387 parseBinaryExpr: left type:3
==================================== src/parser.c:413 parseBinaryExpr: current token: )/51, prec: 0, minPrec: 0
==================================== src/parser.c:421 parseBinaryExpr: breaking with current token: )
====================================-/>parseBinaryExpr(440) [)],token:51,)
================================ src/parser.c:355 parseExpression first type:3
exprType-3{threads}================================ src/parser.c:359 parser->current.type = )
================================ src/parser.c:379 parseExpression end type:3
================================-/>parseExpression(380) [)],token:51,)
============================ src/parser.c:106 parser advance scanToken code:[
],token: [;]
============================-/>finishCall(678) [
],token:56,;
========================-/>parsePrimaryExpr(657) [
],token:56,;
====================-/>parseUnaryExpr(459) [
],token:56,;
================ src/parser.c:387 parseBinaryExpr: left type:5
================ src/parser.c:413 parseBinaryExpr: current token: ;/56, prec: 0, minPrec: 0
================ src/parser.c:421 parseBinaryExpr: breaking with current token: ;
================-/>parseBinaryExpr(440) [
],token:56,;
============ src/parser.c:355 parseExpression first type:5
exprType-5{exprType-3{tua_workqueue_create}(exprType-1{(&exprType-3{wq})}, exprType-3{threads})}============ src/parser.c:359 parser->current.type = ;
============ src/parser.c:379 parseExpression end type:5
============-/>parseExpression(380) [
],token:56,;
======== src/parser.c:106 parser advance scanToken code:[if],token: [if]
========-/>parseVarDeclaration(1229) [if],token:2,if
========+<parseStatement(683) [if],token:2,if
======== src/parser.c:118 match current type:2, if-if
======== src/parser.c:106 parser advance scanToken code:[err],token: [identifier]
======== src/parser.c:120 match current type:58, identifier-if
============+<parseExpression(352) [err],token:58,identifier
================+<parseBinaryExpr start(385) [err],token:58,identifier
====================+<parseUnaryExpr(445) [err],token:58,identifier
========================+<parsePrimaryExpr(464) [err],token:58,identifier
======================== src/parser.c:467 parsePrimaryExpr: prev1 code:[err],[if][identifier]
======================== src/parser.c:118 match current type:58, identifier-identifier
======================== src/parser.c:106 parser advance scanToken code:[!=],token: [!=]
======================== src/parser.c:120 match current type:46, !=-identifier
======================== src/parser.c:568 parsePrimaryExpr: current code:[!=],[identifier]
========================-/>parsePrimaryExpr(657) [!=],token:46,!=
====================-/>parseUnaryExpr(459) [!=],token:46,!=
================ src/parser.c:387 parseBinaryExpr: left type:3
================ src/parser.c:413 parseBinaryExpr: current token: !=/46, prec: 4, minPrec: 0
================ src/parser.c:106 parser advance scanToken code:[0],token: [int]
================ src/parser.c:433 parseBinaryExpr: parse right expr start, op type:46
====================+<parseBinaryExpr start(385) [0],token:21,int
========================+<parseUnaryExpr(445) [0],token:21,int
============================+<parsePrimaryExpr(464) [0],token:21,int
============================ src/parser.c:467 parsePrimaryExpr: prev1 code:[0],[!=][int]
============================ src/parser.c:118 match current type:21, int-int
============================ src/parser.c:106 parser advance scanToken code:[{],token: [{]
============================ src/parser.c:120 match current type:52, {-int
============================-/>parsePrimaryExpr(657) [{],token:52,{
========================-/>parseUnaryExpr(459) [{],token:52,{
==================== src/parser.c:387 parseBinaryExpr: left type:2
==================== src/parser.c:413 parseBinaryExpr: current token: {/52, prec: 0, minPrec: 5
==================== src/parser.c:421 parseBinaryExpr: breaking with current token: {
====================-/>parseBinaryExpr(440) [{],token:52,{
================ src/parser.c:438 parseBinaryExpr last: left type:0, operator:!=/!= right type:2, parser current token:{/52
================ src/parser.c:413 parseBinaryExpr: current token: {/52, prec: 0, minPrec: 0
================ src/parser.c:421 parseBinaryExpr: breaking with current token: {
================-/>parseBinaryExpr(440) [{],token:52,{
============ src/parser.c:355 parseExpression first type:0
exprType-0{(exprType-3{err} != exprType-2{LITERAL->21 0})}============ src/parser.c:359 parser->current.type = {
============ src/parser.c:379 parseExpression end type:0
============-/>parseExpression(380) [{],token:52,{
============+<parseStatement(683) [{],token:52,{
============ src/parser.c:118 match current type:52, {-{
============ src/parser.c:106 parser advance scanToken code:[
],token: [;]
============ src/parser.c:120 match current type:56, ;-{
============ src/parser.c:118 match current type:56, ;-;
============ src/parser.c:106 parser advance scanToken code:[return],token: [return]
============ src/parser.c:120 match current type:14, return-;
================+<parseStatement(683) [return],token:14,return
================ src/parser.c:118 match current type:14, return-return
================ src/parser.c:106 parser advance scanToken code:[null],token: [null]
================ src/parser.c:120 match current type:27, null-return
====================+<parseExpression(352) [null],token:27,null
========================+<parseBinaryExpr start(385) [null],token:27,null
============================+<parseUnaryExpr(445) [null],token:27,null
================================+<parsePrimaryExpr(464) [null],token:27,null
================================ src/parser.c:467 parsePrimaryExpr: prev1 code:[null],[return][null]
================================ src/parser.c:118 match current type:27, null-null
================================ src/parser.c:106 parser advance scanToken code:[
],token: [;]
================================ src/parser.c:120 match current type:56, ;-null
================================-/>parsePrimaryExpr(657) [
],token:56,;
============================-/>parseUnaryExpr(459) [
],token:56,;
======================== src/parser.c:387 parseBinaryExpr: left type:2
======================== src/parser.c:413 parseBinaryExpr: current token: ;/56, prec: 0, minPrec: 0
======================== src/parser.c:421 parseBinaryExpr: breaking with current token: ;
========================-/>parseBinaryExpr(440) [
],token:56,;
==================== src/parser.c:355 parseExpression first type:2
exprType-2{LITERAL->27 null}==================== src/parser.c:359 parser->current.type = ;
==================== src/parser.c:379 parseExpression end type:2
====================-/>parseExpression(380) [
],token:56,;
================ src/parser.c:106 parser advance scanToken code:[}],token: [}]
================-/>parseStatement(810) [}],token:53,}
============ src/parser.c:106 parser advance scanToken code:[
],token: [;]
============-/>parseStatement(810) [
],token:56,;
======== src/parser.c:118 match current type:56, ;-;
======== src/parser.c:106 parser advance scanToken code:[return],token: [return]
======== src/parser.c:120 match current type:14, return-;
========-/>parseStatement(810) [return],token:14,return
========+<parseStatement(683) [return],token:14,return
======== src/parser.c:118 match current type:14, return-return
======== src/parser.c:106 parser advance scanToken code:[wq],token: [identifier]
======== src/parser.c:120 match current type:58, identifier-return
============+<parseExpression(352) [wq],token:58,identifier
================+<parseBinaryExpr start(385) [wq],token:58,identifier
====================+<parseUnaryExpr(445) [wq],token:58,identifier
========================+<parsePrimaryExpr(464) [wq],token:58,identifier
======================== src/parser.c:467 parsePrimaryExpr: prev1 code:[wq],[return][identifier]
======================== src/parser.c:118 match current type:58, identifier-identifier
======================== src/parser.c:106 parser advance scanToken code:[
],token: [;]
======================== src/parser.c:120 match current type:56, ;-identifier
======================== src/parser.c:568 parsePrimaryExpr: current code:[
],[identifier]
========================-/>parsePrimaryExpr(657) [
],token:56,;
====================-/>parseUnaryExpr(459) [
],token:56,;
================ src/parser.c:387 parseBinaryExpr: left type:3
================ src/parser.c:413 parseBinaryExpr: current token: ;/56, prec: 0, minPrec: 0
================ src/parser.c:421 parseBinaryExpr: breaking with current token: ;
================-/>parseBinaryExpr(440) [
],token:56,;
============ src/parser.c:355 parseExpression first type:3
exprType-3{wq}============ src/parser.c:359 parser->current.type = ;
============ src/parser.c:379 parseExpression end type:3
============-/>parseExpression(380) [
],token:56,;
======== src/parser.c:106 parser advance scanToken code:[}],token: [}]
========-/>parseStatement(810) [}],token:53,}
==== src/parser.c:106 parser advance scanToken code:[
],token: [;]
==== src/parser.c:118 match current type:56, ;-;
==== src/parser.c:106 parser advance scanToken code:[
],token: [;]
==== src/parser.c:120 match current type:56, ;-;
==== src/parser.c:118 match current type:56, ;-;
==== src/parser.c:106 parser advance scanToken code:[fn],token: [func/fn]
==== src/parser.c:120 match current type:13, func/fn-;
==== src/parser.c:106 parser advance scanToken code:[workqueueFree],token: [identifier]
==== src/parser.c:106 parser advance scanToken code:[(],token: [(]
==== src/parser.c:106 parser advance scanToken code:[wq],token: [identifier]
==== src/parser.c:106 parser advance scanToken code:[:],token: [:]
==== src/parser.c:118 match current type:44, :-:
==== src/parser.c:106 parser advance scanToken code:[ptr],token: [identifier]
==== src/parser.c:120 match current type:58, identifier-:
==== src/parser.c:118 match current type:58, identifier-identifier
==== src/parser.c:106 parser advance scanToken code:[)],token: [)]
==== src/parser.c:120 match current type:51, )-identifier
==== src/parser.c:106 parser advance scanToken code:[{],token: [{]
==== src/parser.c:106 parser advance scanToken code:[
],token: [;]
==== src/parser.c:118 match current type:56, ;-;
==== src/parser.c:106 parser advance scanToken code:[tua_workqueue_free],token: [identifier]
==== src/parser.c:120 match current type:58, identifier-;
==== src/parser.c:106 parser advance scanToken code:[(],token: [(]
========+<parseExpressionStatement(1068) [tua_workqueue_free],token:58,identifier
============+<parseExpression(352) [tua_workqueue_free],token:58,identifier
================+<parseBinaryExpr start(385) [tua_workqueue_free],token:58,identifier
====================+<parseUnaryExpr(445) [tua_workqueue_free],token:58,identifier
========================+<parsePrimaryExpr(464) [tua_workqueue_free],token:58,identifier
======================== src/parser.c:467 parsePrimaryExpr: prev1 code:[tua_workqueue_free],[identifier][identifier]
======================== src/parser.c:118 match current type:58, identifier-identifier
======================== src/parser.c:106 parser advance scanToken code:[(],token: [(]
======================== src/parser.c:120 match current type:50, (-identifier
======================== src/parser.c:568 parsePrimaryExpr: current code:[(],[identifier]
======================== src/parser.c:118 match current type:50, (-(
======================== src/parser.c:106 parser advance scanToken code:[wq],token: [identifier]
======================== src/parser.c:120 match current type:58, identifier-(
============================+<finishCall(662) [wq],token:58,identifier
================================+<parseExpression(352) [wq],token:58,identifier
====================================+<parseBinaryExpr start(385) [wq],token:58,identifier
========================================+<parseUnaryExpr(445) [wq],token:58,identifier
============================================+<parsePrimaryExpr(464) [wq],token:58,identifier
============================================ src/parser.c:467 parsePrimaryExpr: prev1 code:[wq],[(][identifier]
============================================ src/parser.c:118 match current type:58, identifier-identifier
============================================ src/parser.c:106 parser advance scanToken code:[)],token: [)]
============================================ src/parser.c:120 match current type:51, )-identifier
============================================ src/parser.c:568 parsePrimaryExpr: current code:[)],[identifier]
============================================-/>parsePrimaryExpr(657) [)],token:51,)
========================================-/>parseUnaryExpr(459) [)],token:51,)
==================================== src/parser.c:387 parseBinaryExpr: left type:3
==================================== src/parser.c:413 parseBinaryExpr: current token: )/51, prec: 0, minPrec: 0
==================================== src/parser.c:421 parseBinaryExpr: breaking with current token: )
====================================-/>parseBinaryExpr(440) [)],token:51,)
================================ src/parser.c:355 parseExpression first type:3
exprType-3{wq}================================ src/parser.c:359 parser->current.type = )
================================ src/parser.c:379 parseExpression end type:3
================================-/>parseExpression(380) [)],token:51,)
============================ src/parser.c:106 parser advance scanToken code:[
],token: [;]
============================-/>finishCall(678) [
],token:56,;
========================-/>parsePrimaryExpr(657) [
],token:56,;
====================-/>parseUnaryExpr(459) [
],token:56,;
================ src/parser.c:387 parseBinaryExpr: left type:5
================ src/parser.c:413 parseBinaryExpr: current token: ;/56, prec: 0, minPrec: 0
================ src/parser.c:421 parseBinaryExpr: breaking with current token: ;
================-/>parseBinaryExpr(440) [
],token:56,;
============ src/parser.c:355 parseExpression first type:5
exprType-5{exprType-3{tua_workqueue_free}(exprType-3{wq})}============ src/parser.c:359 parser->current.type = ;
============ src/parser.c:379 parseExpression end type:5
============-/>parseExpression(380) [
],token:56,;
======== src/parser.c:1074 expr type: [5]
======== src/parser.c:106 parser advance scanToken code:[}],token: [}]
========-/>parseExpressionStatement(1081) [}],token:53,}
==== src/parser.c:106 parser advance scanToken code:[
],token: [;]
==== src/parser.c:118 match current type:56, ;-;
==== src/parser.c:106 parser advance scanToken code:[}],token: [}]
==== src/parser.c:120 match current type:53, }-;
==== src/parser.c:106 parser advance scanToken code:[
],token: [;]
==== src/parser.c:118 match current type:56, ;-;
==== src/parser.c:106 parser advance scanToken code:[
],token: [;]
==== src/parser.c:120 match current type:56, ;-;
==== src/parser.c:118 match current type:56, ;-;
==== src/parser.c:106 parser advance scanToken code:[],token: [EOF]
==== src/parser.c:120 match current type:67, EOF-;
==== src/parser.c:118 match current type:67, EOF-EOF
==== src/parser.c:106 parser advance scanToken code:[],token: [EOF]
==== src/parser.c:120 match current type:67, EOF-EOF
==== src/parser.c:106 parser advance scanToken code:[import],token: [import]
==== src/parser.c:118 match current type:10, import-import
==== src/parser.c:106 parser advance scanToken code:["std/rt"],token: [string_literal]
==== src/parser.c:120 match current type:60, string_literal-import
==== src/parser.c:106 parser advance scanToken code:[as],token: [as]
==== src/parser.c:118 match current type:12, as-as
==== src/parser.c:106 parser advance scanToken code:[rt],token: [identifier]
==== src/parser.c:120 match current type:58, identifier-as
==== src/parser.c:106 parser advance scanToken code:[
],token: [;]
==== src/parser.c:106 parser advance scanToken code:[
],token: [;]
==== src/parser.c:118 match current type:56, ;-;
==== src/parser.c:106 parser advance scanToken code:[object],token: [object]
==== src/parser.c:120 match current type:16, object-;
==== src/parser.c:118 match current type:16, object-object
==== src/parser.c:106 parser advance scanToken code:[FsAsync],token: [identifier]
==== src/parser.c:120 match current type:58, identifier-object
==== src/parser.c:106 parser advance scanToken code:[{],token: [{]
==== src/parser.c:106 parser advance scanToken code:[
],token: [;]
==== src/parser.c:118 match current type:56, ;-;
==== src/parser.c:106 parser advance scanToken code:[
],token: [;]
==== src/parser.c:120 match current type:56, ;-;
==== src/parser.c:118 match current type:56, ;-;
==== src/parser.c:106 parser advance scanToken code:[
],token: [;]
==== src/parser.c:120 match current type:56, ;-;
==== src/parser.c:118 match current type:56, ;-;
==== src/parser.c:106 parser advance scanToken code:[fn],token: [func/fn]
==== src/parser.c:120 match current type:13, func/fn-;
==== src/parser.c:106 parser advance scanToken code:[readFile],token: [identifier]
==== src/parser.c:106 parser advance scanToken code:[(],token: [(]
==== src/parser.c:106 parser advance scanToken code:[loop],token: [identifier]
==== src/parser.c:106 parser advance scanToken code:[:],token: [:]
==== src/parser.c:118 match current type:44, :-:
==== src/parser.c:106 parser advance scanToken code:[ptr],token: [identifier]
==== src/parser.c:120 match current type:58, identifier-:
==== src/parser.c:118 match current type:58, identifier-identifier
==== src/parser.c:106 parser advance scanToken code:[,],token: [,]
==== src/parser.c:120 match current type:57, ,-identifier
==== src/parser.c:118 match current type:57, ,-,
==== src/parser.c:106 parser advance scanToken code:[wq],token: [identifier]
==== src/parser.c:120 match current type:58, identifier-,
==== src/parser.c:106 parser advance scanToken code:[:],token: [:]
==== src/parser.c:118 match current type:44, :-:
==== src/parser.c:106 parser advance scanToken code:[ptr],token: [identifier]
==== src/parser.c:120 match current type:58, identifier-:
==== src/parser.c:118 match current type:58, identifier-identifier
==== src/parser.c:106 parser advance scanToken code:[,],token: [,]
==== src/parser.c:120 match current type:57, ,-identifier
==== src/parser.c:118 match current type:57, ,-,
==== src/parser.c:106 parser advance scanToken code:[path],token: [identifier]
==== src/parser.c:120 match current type:58, identifier-,
==== src/parser.c:106 parser advance scanToken code:[:],token: [:]
==== src/parser.c:118 match current type:44, :-:
==== src/parser.c:106 parser advance scanToken code:[string],token: [string]
==== src/parser.c:120 match current type:25, string-:
==== src/parser.c:118 match current type:25, string-string
==== src/parser.c:106 parser advance scanToken code:[,],token: [,]
==== src/parser.c:120 match current type:57, ,-string
==== src/parser.c:118 match current type:57, ,-,
==== src/parser.c:106 parser advance scanToken code:[cb],token: [identifier]
==== src/parser.c:120 match current type:58, identifier-,
==== src/parser.c:106 parser advance scanToken code:[:],token: [:]
==== src/parser.c:118 match current type:44, :-:
==== src/parser.c:106 parser advance scanToken code:[(],token: [(]
==== src/parser.c:120 match current type:50, (-:
==== src/parser.c:118 match current type:50, (-(
==== src/parser.c:106 parser advance scanToken code:[int],token: [int]
==== src/parser.c:120 match current type:21, int-(
==== src/parser.c:118 match current type:21, int-int
==== src/parser.c:106 parser advance scanToken code:[,],token: [,]
==== src/parser.c:120 match current type:57, ,-int
==== src/parser.c:118 match current type:57, ,-,
==== src/parser.c:106 parser advance scanToken code:[string],token: [string]
==== src/parser.c:120 match current type:25, string-,
==== src/parser.c:118 match current type:25, string-string
==== src/parser.c:106 parser advance scanToken code:[,],token: [,]
==== src/parser.c:120 match current type:57, ,-string
==== src/parser.c:118 match current type:57, ,-,
==== src/parser.c:106 parser advance scanToken code:[int],token: [int]
==== src/parser.c:120 match current type:21, int-,
==== src/parser.c:118 match current type:21, int-int
==== src/parser.c:106 parser advance scanToken code:[)],token: [)]
==== src/parser.c:120 match current type:51, )-int
==== src/parser.c:106 parser advance scanToken code:[->],token: [->]
==== src/parser.c:106 parser advance scanToken code:[void],token: [identifier]
==== src/parser.c:118 match current type:58, identifier-identifier
==== src/parser.c:106 parser advance scanToken code:[)],token: [)]
==== src/parser.c:120 match current type:51, )-identifier
==== src/parser.c:106 parser advance scanToken code:[int],token: [int]
==== src/parser.c:118 match current type:21, int-int
==== src/parser.c:106 parser advance scanToken code:[{],token: [{]
==== src/parser.c:120 match current type:52, {-int
==== src/parser.c:106 parser advance scanToken code:[
],token: [;]
==== src/parser.c:118 match current type:56, ;-;
==== src/parser.c:106 parser advance scanToken code:[return],token: [return]
==== src/parser.c:120 match current type:14, return-;
========+<parseStatement(683) [return],token:14,return
======== src/parser.c:118 match current type:14, return-return
======== src/parser.c:106 parser advance scanToken code:[tua_fs_readfile_alloc_async_cl],token: [identifier]
======== src/parser.c:120 match current type:58, identifier-return
============+<parseExpression(352) [tua_fs_readfile_alloc_async_cl],token:58,identifier
================+<parseBinaryExpr start(385) [tua_fs_readfile_alloc_async_cl],token:58,identifier
====================+<parseUnaryExpr(445) [tua_fs_readfile_alloc_async_cl],token:58,identifier
========================+<parsePrimaryExpr(464) [tua_fs_readfile_alloc_async_cl],token:58,identifier
======================== src/parser.c:467 parsePrimaryExpr: prev1 code:[tua_fs_readfile_alloc_async_cl],[return][identifier]
======================== src/parser.c:118 match current type:58, identifier-identifier
======================== src/parser.c:106 parser advance scanToken code:[(],token: [(]
======================== src/parser.c:120 match current type:50, (-identifier
======================== src/parser.c:568 parsePrimaryExpr: current code:[(],[identifier]
======================== src/parser.c:118 match current type:50, (-(
======================== src/parser.c:106 parser advance scanToken code:[loop],token: [identifier]
======================== src/parser.c:120 match current type:58, identifier-(
============================+<finishCall(662) [loop],token:58,identifier
================================+<parseExpression(352) [loop],token:58,identifier
====================================+<parseBinaryExpr start(385) [loop],token:58,identifier
========================================+<parseUnaryExpr(445) [loop],token:58,identifier
============================================+<parsePrimaryExpr(464) [loop],token:58,identifier
============================================ src/parser.c:467 parsePrimaryExpr: prev1 code:[loop],[(][identifier]
============================================ src/parser.c:118 match current type:58, identifier-identifier
============================================ src/parser.c:106 parser advance scanToken code:[,],token: [,]
============================================ src/parser.c:120 match current type:57, ,-identifier
============================================ src/parser.c:568 parsePrimaryExpr: current code:[,],[identifier]
============================================-/>parsePrimaryExpr(657) [,],token:57,,
========================================-/>parseUnaryExpr(459) [,],token:57,,
==================================== src/parser.c:387 parseBinaryExpr: left type:3
==================================== src/parser.c:413 parseBinaryExpr: current token: ,/57, prec: 0, minPrec: 0
==================================== src/parser.c:421 parseBinaryExpr: breaking with current token: ,
====================================-/>parseBinaryExpr(440) [,],token:57,,
================================ src/parser.c:355 parseExpression first type:3
exprType-3{loop}================================ src/parser.c:359 parser->current.type = ,
================================ src/parser.c:379 parseExpression end type:3
================================-/>parseExpression(380) [,],token:57,,
============================ src/parser.c:118 match current type:57, ,-,
============================ src/parser.c:106 parser advance scanToken code:[wq],token: [identifier]
============================ src/parser.c:120 match current type:58, identifier-,
================================+<parseExpression(352) [wq],token:58,identifier
====================================+<parseBinaryExpr start(385) [wq],token:58,identifier
========================================+<parseUnaryExpr(445) [wq],token:58,identifier
============================================+<parsePrimaryExpr(464) [wq],token:58,identifier
============================================ src/parser.c:467 parsePrimaryExpr: prev1 code:[wq],[,][identifier]
============================================ src/parser.c:118 match current type:58, identifier-identifier
============================================ src/parser.c:106 parser advance scanToken code:[,],token: [,]
============================================ src/parser.c:120 match current type:57, ,-identifier
============================================ src/parser.c:568 parsePrimaryExpr: current code:[,],[identifier]
============================================-/>parsePrimaryExpr(657) [,],token:57,,
========================================-/>parseUnaryExpr(459) [,],token:57,,
==================================== src/parser.c:387 parseBinaryExpr: left type:3
==================================== src/parser.c:413 parseBinaryExpr: current token: ,/57, prec: 0, minPrec: 0
==================================== src/parser.c:421 parseBinaryExpr: breaking with current token: ,
====================================-/>parseBinaryExpr(440) [,],token:57,,
================================ src/parser.c:355 parseExpression first type:3
exprType-3{wq}================================ src/parser.c:359 parser->current.type = ,
================================ src/parser.c:379 parseExpression end type:3
================================-/>parseExpression(380) [,],token:57,,
============================ src/parser.c:118 match current type:57, ,-,
============================ src/parser.c:106 parser advance scanToken code:[path],token: [identifier]
============================ src/parser.c:120 match current type:58, identifier-,
================================+<parseExpression(352) [path],token:58,identifier
====================================+<parseBinaryExpr start(385) [path],token:58,identifier
========================================+<parseUnaryExpr(445) [path],token:58,identifier
============================================+<parsePrimaryExpr(464) [path],token:58,identifier
============================================ src/parser.c:467 parsePrimaryExpr: prev1 code:[path],[,][identifier]
============================================ src/parser.c:118 match current type:58, identifier-identifier
============================================ src/parser.c:106 parser advance scanToken code:[,],token: [,]
============================================ src/parser.c:120 match current type:57, ,-identifier
============================================ src/parser.c:568 parsePrimaryExpr: current code:[,],[identifier]
============================================-/>parsePrimaryExpr(657) [,],token:57,,
========================================-/>parseUnaryExpr(459) [,],token:57,,
==================================== src/parser.c:387 parseBinaryExpr: left type:3
==================================== src/parser.c:413 parseBinaryExpr: current token: ,/57, prec: 0, minPrec: 0
==================================== src/parser.c:421 parseBinaryExpr: breaking with current token: ,
====================================-/>parseBinaryExpr(440) [,],token:57,,
================================ src/parser.c:355 parseExpression first type:3
exprType-3{path}================================ src/parser.c:359 parser->current.type = ,
================================ src/parser.c:379 parseExpression end type:3
================================-/>parseExpression(380) [,],token:57,,
============================ src/parser.c:118 match current type:57, ,-,
============================ src/parser.c:106 parser advance scanToken code:[cb],token: [identifier]
============================ src/parser.c:120 match current type:58, identifier-,
================================+<parseExpression(352) [cb],token:58,identifier
====================================+<parseBinaryExpr start(385) [cb],token:58,identifier
========================================+<parseUnaryExpr(445) [cb],token:58,identifier
============================================+<parsePrimaryExpr(464) [cb],token:58,identifier
============================================ src/parser.c:467 parsePrimaryExpr: prev1 code:[cb],[,][identifier]
============================================ src/parser.c:118 match current type:58, identifier-identifier
============================================ src/parser.c:106 parser advance scanToken code:[)],token: [)]
============================================ src/parser.c:120 match current type:51, )-identifier
============================================ src/parser.c:568 parsePrimaryExpr: current code:[)],[identifier]
============================================-/>parsePrimaryExpr(657) [)],token:51,)
========================================-/>parseUnaryExpr(459) [)],token:51,)
==================================== src/parser.c:387 parseBinaryExpr: left type:3
==================================== src/parser.c:413 parseBinaryExpr: current token: )/51, prec: 0, minPrec: 0
==================================== src/parser.c:421 parseBinaryExpr: breaking with current token: )
====================================-/>parseBinaryExpr(440) [)],token:51,)
================================ src/parser.c:355 parseExpression first type:3
exprType-3{cb}================================ src/parser.c:359 parser->current.type = )
================================ src/parser.c:379 parseExpression end type:3
================================-/>parseExpression(380) [)],token:51,)
============================ src/parser.c:106 parser advance scanToken code:[
],token: [;]
============================-/>finishCall(678) [
],token:56,;
========================-/>parsePrimaryExpr(657) [
],token:56,;
====================-/>parseUnaryExpr(459) [
],token:56,;
================ src/parser.c:387 parseBinaryExpr: left type:5
================ src/parser.c:413 parseBinaryExpr: current token: ;/56, prec: 0, minPrec: 0
================ src/parser.c:421 parseBinaryExpr: breaking with current token: ;
================-/>parseBinaryExpr(440) [
],token:56,;
============ src/parser.c:355 parseExpression first type:5
exprType-5{exprType-3{tua_fs_readfile_alloc_async_cl}(exprType-3{loop}, exprType-3{wq}, exprType-3{path}, exprType-3{cb})}============ src/parser.c:359 parser->current.type = ;
============ src/parser.c:379 parseExpression end type:5
============-/>parseExpression(380) [
],token:56,;
======== src/parser.c:106 parser advance scanToken code:[}],token: [}]
========-/>parseStatement(810) [}],token:53,}
==== src/parser.c:106 parser advance scanToken code:[
],token: [;]
==== src/parser.c:118 match current type:56, ;-;
==== src/parser.c:106 parser advance scanToken code:[
],token: [;]
==== src/parser.c:120 match current type:56, ;-;
==== src/parser.c:118 match current type:56, ;-;
==== src/parser.c:106 parser advance scanToken code:[
],token: [;]
==== src/parser.c:120 match current type:56, ;-;
==== src/parser.c:118 match current type:56, ;-;
==== src/parser.c:106 parser advance scanToken code:[fn],token: [func/fn]
==== src/parser.c:120 match current type:13, func/fn-;
==== src/parser.c:106 parser advance scanToken code:[writeFile],token: [identifier]
==== src/parser.c:106 parser advance scanToken code:[(],token: [(]
==== src/parser.c:106 parser advance scanToken code:[loop],token: [identifier]
==== src/parser.c:106 parser advance scanToken code:[:],token: [:]
==== src/parser.c:118 match current type:44, :-:
==== src/parser.c:106 parser advance scanToken code:[ptr],token: [identifier]
==== src/parser.c:120 match current type:58, identifier-:
==== src/parser.c:118 match current type:58, identifier-identifier
==== src/parser.c:106 parser advance scanToken code:[,],token: [,]
==== src/parser.c:120 match current type:57, ,-identifier
==== src/parser.c:118 match current type:57, ,-,
==== src/parser.c:106 parser advance scanToken code:[wq],token: [identifier]
==== src/parser.c:120 match current type:58, identifier-,
==== src/parser.c:106 parser advance scanToken code:[:],token: [:]
==== src/parser.c:118 match current type:44, :-:
==== src/parser.c:106 parser advance scanToken code:[ptr],token: [identifier]
==== src/parser.c:120 match current type:58, identifier-:
==== src/parser.c:118 match current type:58, identifier-identifier
==== src/parser.c:106 parser advance scanToken code:[,],token: [,]
==== src/parser.c:120 match current type:57, ,-identifier
==== src/parser.c:118 match current type:57, ,-,
==== src/parser.c:106 parser advance scanToken code:[path],token: [identifier]
==== src/parser.c:120 match current type:58, identifier-,
==== src/parser.c:106 parser advance scanToken code:[:],token: [:]
==== src/parser.c:118 match current type:44, :-:
==== src/parser.c:106 parser advance scanToken code:[string],token: [string]
==== src/parser.c:120 match current type:25, string-:
==== src/parser.c:118 match current type:25, string-string
==== src/parser.c:106 parser advance scanToken code:[,],token: [,]
==== src/parser.c:120 match current type:57, ,-string
==== src/parser.c:118 match current type:57, ,-,
==== src/parser.c:106 parser advance scanToken code:[data],token: [identifier]
==== src/parser.c:120 match current type:58, identifier-,
==== src/parser.c:106 parser advance scanToken code:[:],token: [:]
==== src/parser.c:118 match current type:44, :-:
==== src/parser.c:106 parser advance scanToken code:[string],token: [string]
==== src/parser.c:120 match current type:25, string-:
==== src/parser.c:118 match current type:25, string-string
==== src/parser.c:106 parser advance scanToken code:[,],token: [,]
==== src/parser.c:120 match current type:57, ,-string
==== src/parser.c:118 match current type:57, ,-,
==== src/parser.c:106 parser advance scanToken code:[cb],token: [identifier]
==== src/parser.c:120 match current type:58, identifier-,
==== src/parser.c:106 parser advance scanToken code:[:],token: [:]
==== src/parser.c:118 match current type:44, :-:
==== src/parser.c:106 parser advance scanToken code:[(],token: [(]
==== src/parser.c:120 match current type:50, (-:
==== src/parser.c:118 match current type:50, (-(
==== src/parser.c:106 parser advance scanToken code:[int],token: [int]
==== src/parser.c:120 match current type:21, int-(
==== src/parser.c:118 match current type:21, int-int
==== src/parser.c:106 parser advance scanToken code:[,],token: [,]
==== src/parser.c:120 match current type:57, ,-int
==== src/parser.c:118 match current type:57, ,-,
==== src/parser.c:106 parser advance scanToken code:[ptr],token: [identifier]
==== src/parser.c:120 match current type:58, identifier-,
==== src/parser.c:118 match current type:58, identifier-identifier
==== src/parser.c:106 parser advance scanToken code:[)],token: [)]
==== src/parser.c:120 match current type:51, )-identifier
==== src/parser.c:106 parser advance scanToken code:[->],token: [->]
==== src/parser.c:106 parser advance scanToken code:[void],token: [identifier]
==== src/parser.c:118 match current type:58, identifier-identifier
==== src/parser.c:106 parser advance scanToken code:[)],token: [)]
==== src/parser.c:120 match current type:51, )-identifier
==== src/parser.c:106 parser advance scanToken code:[int],token: [int]
==== src/parser.c:118 match current type:21, int-int
==== src/parser.c:106 parser advance scanToken code:[{],token: [{]
==== src/parser.c:120 match current type:52, {-int
==== src/parser.c:106 parser advance scanToken code:[
],token: [;]
==== src/parser.c:118 match current type:56, ;-;
==== src/parser.c:106 parser advance scanToken code:[return],token: [return]
==== src/parser.c:120 match current type:14, return-;
========+<parseStatement(683) [return],token:14,return
======== src/parser.c:118 match current type:14, return-return
======== src/parser.c:106 parser advance scanToken code:[tua_fs_writefile_str_async_cl],token: [identifier]
======== src/parser.c:120 match current type:58, identifier-return
============+<parseExpression(352) [tua_fs_writefile_str_async_cl],token:58,identifier
================+<parseBinaryExpr start(385) [tua_fs_writefile_str_async_cl],token:58,identifier
====================+<parseUnaryExpr(445) [tua_fs_writefile_str_async_cl],token:58,identifier
========================+<parsePrimaryExpr(464) [tua_fs_writefile_str_async_cl],token:58,identifier
======================== src/parser.c:467 parsePrimaryExpr: prev1 code:[tua_fs_writefile_str_async_cl],[return][identifier]
======================== src/parser.c:118 match current type:58, identifier-identifier
======================== src/parser.c:106 parser advance scanToken code:[(],token: [(]
======================== src/parser.c:120 match current type:50, (-identifier
======================== src/parser.c:568 parsePrimaryExpr: current code:[(],[identifier]
======================== src/parser.c:118 match current type:50, (-(
======================== src/parser.c:106 parser advance scanToken code:[loop],token: [identifier]
======================== src/parser.c:120 match current type:58, identifier-(
============================+<finishCall(662) [loop],token:58,identifier
================================+<parseExpression(352) [loop],token:58,identifier
====================================+<parseBinaryExpr start(385) [loop],token:58,identifier
========================================+<parseUnaryExpr(445) [loop],token:58,identifier
============================================+<parsePrimaryExpr(464) [loop],token:58,identifier
============================================ src/parser.c:467 parsePrimaryExpr: prev1 code:[loop],[(][identifier]
============================================ src/parser.c:118 match current type:58, identifier-identifier
============================================ src/parser.c:106 parser advance scanToken code:[,],token: [,]
============================================ src/parser.c:120 match current type:57, ,-identifier
============================================ src/parser.c:568 parsePrimaryExpr: current code:[,],[identifier]
============================================-/>parsePrimaryExpr(657) [,],token:57,,
========================================-/>parseUnaryExpr(459) [,],token:57,,
==================================== src/parser.c:387 parseBinaryExpr: left type:3
==================================== src/parser.c:413 parseBinaryExpr: current token: ,/57, prec: 0, minPrec: 0
==================================== src/parser.c:421 parseBinaryExpr: breaking with current token: ,
====================================-/>parseBinaryExpr(440) [,],token:57,,
================================ src/parser.c:355 parseExpression first type:3
exprType-3{loop}================================ src/parser.c:359 parser->current.type = ,
================================ src/parser.c:379 parseExpression end type:3
================================-/>parseExpression(380) [,],token:57,,
============================ src/parser.c:118 match current type:57, ,-,
============================ src/parser.c:106 parser advance scanToken code:[wq],token: [identifier]
============================ src/parser.c:120 match current type:58, identifier-,
================================+<parseExpression(352) [wq],token:58,identifier
====================================+<parseBinaryExpr start(385) [wq],token:58,identifier
========================================+<parseUnaryExpr(445) [wq],token:58,identifier
============================================+<parsePrimaryExpr(464) [wq],token:58,identifier
============================================ src/parser.c:467 parsePrimaryExpr: prev1 code:[wq],[,][identifier]
============================================ src/parser.c:118 match current type:58, identifier-identifier
============================================ src/parser.c:106 parser advance scanToken code:[,],token: [,]
============================================ src/parser.c:120 match current type:57, ,-identifier
============================================ src/parser.c:568 parsePrimaryExpr: current code:[,],[identifier]
============================================-/>parsePrimaryExpr(657) [,],token:57,,
========================================-/>parseUnaryExpr(459) [,],token:57,,
==================================== src/parser.c:387 parseBinaryExpr: left type:3
==================================== src/parser.c:413 parseBinaryExpr: current token: ,/57, prec: 0, minPrec: 0
==================================== src/parser.c:421 parseBinaryExpr: breaking with current token: ,
====================================-/>parseBinaryExpr(440) [,],token:57,,
================================ src/parser.c:355 parseExpression first type:3
exprType-3{wq}================================ src/parser.c:359 parser->current.type = ,
================================ src/parser.c:379 parseExpression end type:3
================================-/>parseExpression(380) [,],token:57,,
============================ src/parser.c:118 match current type:57, ,-,
============================ src/parser.c:106 parser advance scanToken code:[path],token: [identifier]
============================ src/parser.c:120 match current type:58, identifier-,
================================+<parseExpression(352) [path],token:58,identifier
====================================+<parseBinaryExpr start(385) [path],token:58,identifier
========================================+<parseUnaryExpr(445) [path],token:58,identifier
============================================+<parsePrimaryExpr(464) [path],token:58,identifier
============================================ src/parser.c:467 parsePrimaryExpr: prev1 code:[path],[,][identifier]
============================================ src/parser.c:118 match current type:58, identifier-identifier
============================================ src/parser.c:106 parser advance scanToken code:[,],token: [,]
============================================ src/parser.c:120 match current type:57, ,-identifier
============================================ src/parser.c:568 parsePrimaryExpr: current code:[,],[identifier]
============================================-/>parsePrimaryExpr(657) [,],token:57,,
========================================-/>parseUnaryExpr(459) [,],token:57,,
==================================== src/parser.c:387 parseBinaryExpr: left type:3
==================================== src/parser.c:413 parseBinaryExpr: current token: ,/57, prec: 0, minPrec: 0
==================================== src/parser.c:421 parseBinaryExpr: breaking with current token: ,
====================================-/>parseBinaryExpr(440) [,],token:57,,
================================ src/parser.c:355 parseExpression first type:3
exprType-3{path}================================ src/parser.c:359 parser->current.type = ,
================================ src/parser.c:379 parseExpression end type:3
================================-/>parseExpression(380) [,],token:57,,
============================ src/parser.c:118 match current type:57, ,-,
============================ src/parser.c:106 parser advance scanToken code:[data],token: [identifier]
============================ src/parser.c:120 match current type:58, identifier-,
================================+<parseExpression(352) [data],token:58,identifier
====================================+<parseBinaryExpr start(385) [data],token:58,identifier
========================================+<parseUnaryExpr(445) [data],token:58,identifier
============================================+<parsePrimaryExpr(464) [data],token:58,identifier
============================================ src/parser.c:467 parsePrimaryExpr: prev1 code:[data],[,][identifier]
============================================ src/parser.c:118 match current type:58, identifier-identifier
============================================ src/parser.c:106 parser advance scanToken code:[,],token: [,]
============================================ src/parser.c:120 match current type:57, ,-identifier
============================================ src/parser.c:568 parsePrimaryExpr: current code:[,],[identifier]
============================================-/>parsePrimaryExpr(657) [,],token:57,,
========================================-/>parseUnaryExpr(459) [,],token:57,,
==================================== src/parser.c:387 parseBinaryExpr: left type:3
==================================== src/parser.c:413 parseBinaryExpr: current token: ,/57, prec: 0, minPrec: 0
==================================== src/parser.c:421 parseBinaryExpr: breaking with current token: ,
====================================-/>parseBinaryExpr(440) [,],token:57,,
================================ src/parser.c:355 parseExpression first type:3
exprType-3{data}================================ src/parser.c:359 parser->current.type = ,
================================ src/parser.c:379 parseExpression end type:3
================================-/>parseExpression(380) [,],token:57,,
============================ src/parser.c:118 match current type:57, ,-,
============================ src/parser.c:106 parser advance scanToken code:[cb],token: [identifier]
============================ src/parser.c:120 match current type:58, identifier-,
================================+<parseExpression(352) [cb],token:58,identifier
====================================+<parseBinaryExpr start(385) [cb],token:58,identifier
========================================+<parseUnaryExpr(445) [cb],token:58,identifier
============================================+<parsePrimaryExpr(464) [cb],token:58,identifier
============================================ src/parser.c:467 parsePrimaryExpr: prev1 code:[cb],[,][identifier]
============================================ src/parser.c:118 match current type:58, identifier-identifier
============================================ src/parser.c:106 parser advance scanToken code:[)],token: [)]
============================================ src/parser.c:120 match current type:51, )-identifier
============================================ src/parser.c:568 parsePrimaryExpr: current code:[)],[identifier]
============================================-/>parsePrimaryExpr(657) [)],token:51,)
========================================-/>parseUnaryExpr(459) [)],token:51,)
==================================== src/parser.c:387 parseBinaryExpr: left type:3
==================================== src/parser.c:413 parseBinaryExpr: current token: )/51, prec: 0, minPrec: 0
==================================== src/parser.c:421 parseBinaryExpr: breaking with current token: )
====================================-/>parseBinaryExpr(440) [)],token:51,)
================================ src/parser.c:355 parseExpression first type:3
exprType-3{cb}================================ src/parser.c:359 parser->current.type = )
================================ src/parser.c:379 parseExpression end type:3
================================-/>parseExpression(380) [)],token:51,)
============================ src/parser.c:106 parser advance scanToken code:[
],token: [;]
============================-/>finishCall(678) [
],token:56,;
========================-/>parsePrimaryExpr(657) [
],token:56,;
====================-/>parseUnaryExpr(459) [
],token:56,;
================ src/parser.c:387 parseBinaryExpr: left type:5
================ src/parser.c:413 parseBinaryExpr: current token: ;/56, prec: 0, minPrec: 0
================ src/parser.c:421 parseBinaryExpr: breaking with current token: ;
================-/>parseBinaryExpr(440) [
],token:56,;
============ src/parser.c:355 parseExpression first type:5
exprType-5{exprType-3{tua_fs_writefile_str_async_cl}(exprType-3{loop}, exprType-3{wq}, exprType-3{path}, exprType-3{data}, exprType-3{cb})}============ src/parser.c:359 parser->current.type = ;
============ src/parser.c:379 parseExpression end type:5
============-/>parseExpression(380) [
],token:56,;
======== src/parser.c:106 parser advance scanToken code:[}],token: [}]
========-/>parseStatement(810) [}],token:53,}
==== src/parser.c:106 parser advance scanToken code:[
],token: [;]
==== src/parser.c:118 match current type:56, ;-;
==== src/parser.c:106 parser advance scanToken code:[
],token: [;]
==== src/parser.c:120 match current type:56, ;-;
==== src/parser.c:118 match current type:56, ;-;
==== src/parser.c:106 parser advance scanToken code:[
],token: [;]
==== src/parser.c:120 match current type:56, ;-;
==== src/parser.c:118 match current type:56, ;-;
==== src/parser.c:106 parser advance scanToken code:[fn],token: [func/fn]
==== src/parser.c:120 match current type:13, func/fn-;
==== src/parser.c:106 parser advance scanToken code:[stat],token: [identifier]
==== src/parser.c:106 parser advance scanToken code:[(],token: [(]
==== src/parser.c:106 parser advance scanToken code:[loop],token: [identifier]
==== src/parser.c:106 parser advance scanToken code:[:],token: [:]
==== src/parser.c:118 match current type:44, :-:
==== src/parser.c:106 parser advance scanToken code:[ptr],token: [identifier]
==== src/parser.c:120 match current type:58, identifier-:
==== src/parser.c:118 match current type:58, identifier-identifier
==== src/parser.c:106 parser advance scanToken code:[,],token: [,]
==== src/parser.c:120 match current type:57, ,-identifier
==== src/parser.c:118 match current type:57, ,-,
==== src/parser.c:106 parser advance scanToken code:[wq],token: [identifier]
==== src/parser.c:120 match current type:58, identifier-,
==== src/parser.c:106 parser advance scanToken code:[:],token: [:]
==== src/parser.c:118 match current type:44, :-:
==== src/parser.c:106 parser advance scanToken code:[ptr],token: [identifier]
==== src/parser.c:120 match current type:58, identifier-:
==== src/parser.c:118 match current type:58, identifier-identifier
==== src/parser.c:106 parser advance scanToken code:[,],token: [,]
==== src/parser.c:120 match current type:57, ,-identifier
==== src/parser.c:118 match current type:57, ,-,
==== src/parser.c:106 parser advance scanToken code:[path],token: [identifier]
==== src/parser.c:120 match current type:58, identifier-,
==== src/parser.c:106 parser advance scanToken code:[:],token: [:]
==== src/parser.c:118 match current type:44, :-:
==== src/parser.c:106 parser advance scanToken code:[string],token: [string]
==== src/parser.c:120 match current type:25, string-:
==== src/parser.c:118 match current type:25, string-string
==== src/parser.c:106 parser advance scanToken code:[,],token: [,]
==== src/parser.c:120 match current type:57, ,-string
==== src/parser.c:118 match current type:57, ,-,
==== src/parser.c:106 parser advance scanToken code:[cb],token: [identifier]
==== src/parser.c:120 match current type:58, identifier-,
==== src/parser.c:106 parser advance scanToken code:[:],token: [:]
==== src/parser.c:118 match current type:44, :-:
==== src/parser.c:106 parser advance scanToken code:[(],token: [(]
==== src/parser.c:120 match current type:50, (-:
==== src/parser.c:118 match current type:50, (-(
==== src/parser.c:106 parser advance scanToken code:[int],token: [int]
==== src/parser.c:120 match current type:21, int-(
==== src/parser.c:118 match current type:21, int-int
==== src/parser.c:106 parser advance scanToken code:[,],token: [,]
==== src/parser.c:120 match current type:57, ,-int
==== src/parser.c:118 match current type:57, ,-,
==== src/parser.c:106 parser advance scanToken code:[int],token: [int]
==== src/parser.c:120 match current type:21, int-,
==== src/parser.c:118 match current type:21, int-int
==== src/parser.c:106 parser advance scanToken code:[,],token: [,]
==== src/parser.c:120 match current type:57, ,-int
==== src/parser.c:118 match current type:57, ,-,
==== src/parser.c:106 parser advance scanToken code:[long],token: [long]
==== src/parser.c:120 match current type:24, long-,
==== src/parser.c:118 match current type:24, long-long
==== src/parser.c:106 parser advance scanToken code:[,],token: [,]
==== src/parser.c:120 match current type:57, ,-long
==== src/parser.c:118 match current type:57, ,-,
==== src/parser.c:106 parser advance scanToken code:[long],token: [long]
==== src/parser.c:120 match current type:24, long-,
==== src/parser.c:118 match current type:24, long-long
==== src/parser.c:106 parser advance scanToken code:[,],token: [,]
==== src/parser.c:120 match current type:57, ,-long
==== src/parser.c:118 match current type:57, ,-,
==== src/parser.c:106 parser advance scanToken code:[int],token: [int]
==== src/parser.c:120 match current type:21, int-,
==== src/parser.c:118 match current type:21, int-int
==== src/parser.c:106 parser advance scanToken code:[)],token: [)]
==== src/parser.c:120 match current type:51, )-int
==== src/parser.c:106 parser advance scanToken code:[->],token: [->]
==== src/parser.c:106 parser advance scanToken code:[void],token: [identifier]
==== src/parser.c:118 match current type:58, identifier-identifier
==== src/parser.c:106 parser advance scanToken code:[)],token: [)]
==== src/parser.c:120 match current type:51, )-identifier
==== src/parser.c:106 parser advance scanToken code:[int],token: [int]
==== src/parser.c:118 match current type:21, int-int
==== src/parser.c:106 parser advance scanToken code:[{],token: [{]
==== src/parser.c:120 match current type:52, {-int
==== src/parser.c:106 parser advance scanToken code:[
],token: [;]
==== src/parser.c:118 match current type:56, ;-;
==== src/parser.c:106 parser advance scanToken code:[return],token: [return]
==== src/parser.c:120 match current type:14, return-;
========+<parseStatement(683) [return],token:14,return
======== src/parser.c:118 match current type:14, return-return
======== src/parser.c:106 parser advance scanToken code:[tua_fs_stat_async_cl],token: [identifier]
======== src/parser.c:120 match current type:58, identifier-return
============+<parseExpression(352) [tua_fs_stat_async_cl],token:58,identifier
================+<parseBinaryExpr start(385) [tua_fs_stat_async_cl],token:58,identifier
====================+<parseUnaryExpr(445) [tua_fs_stat_async_cl],token:58,identifier
========================+<parsePrimaryExpr(464) [tua_fs_stat_async_cl],token:58,identifier
======================== src/parser.c:467 parsePrimaryExpr: prev1 code:[tua_fs_stat_async_cl],[return][identifier]
======================== src/parser.c:118 match current type:58, identifier-identifier
======================== src/parser.c:106 parser advance scanToken code:[(],token: [(]
======================== src/parser.c:120 match current type:50, (-identifier
======================== src/parser.c:568 parsePrimaryExpr: current code:[(],[identifier]
======================== src/parser.c:118 match current type:50, (-(
======================== src/parser.c:106 parser advance scanToken code:[loop],token: [identifier]
======================== src/parser.c:120 match current type:58, identifier-(
============================+<finishCall(662) [loop],token:58,identifier
================================+<parseExpression(352) [loop],token:58,identifier
====================================+<parseBinaryExpr start(385) [loop],token:58,identifier
========================================+<parseUnaryExpr(445) [loop],token:58,identifier
============================================+<parsePrimaryExpr(464) [loop],token:58,identifier
============================================ src/parser.c:467 parsePrimaryExpr: prev1 code:[loop],[(][identifier]
============================================ src/parser.c:118 match current type:58, identifier-identifier
============================================ src/parser.c:106 parser advance scanToken code:[,],token: [,]
============================================ src/parser.c:120 match current type:57, ,-identifier
============================================ src/parser.c:568 parsePrimaryExpr: current code:[,],[identifier]
============================================-/>parsePrimaryExpr(657) [,],token:57,,
========================================-/>parseUnaryExpr(459) [,],token:57,,
==================================== src/parser.c:387 parseBinaryExpr: left type:3
==================================== src/parser.c:413 parseBinaryExpr: current token: ,/57, prec: 0, minPrec: 0
==================================== src/parser.c:421 parseBinaryExpr: breaking with current token: ,
====================================-/>parseBinaryExpr(440) [,],token:57,,
================================ src/parser.c:355 parseExpression first type:3
exprType-3{loop}================================ src/parser.c:359 parser->current.type = ,
================================ src/parser.c:379 parseExpression end type:3
================================-/>parseExpression(380) [,],token:57,,
============================ src/parser.c:118 match current type:57, ,-,
============================ src/parser.c:106 parser advance scanToken code:[wq],token: [identifier]
============================ src/parser.c:120 match current type:58, identifier-,
================================+<parseExpression(352) [wq],token:58,identifier
====================================+<parseBinaryExpr start(385) [wq],token:58,identifier
========================================+<parseUnaryExpr(445) [wq],token:58,identifier
============================================+<parsePrimaryExpr(464) [wq],token:58,identifier
============================================ src/parser.c:467 parsePrimaryExpr: prev1 code:[wq],[,][identifier]
============================================ src/parser.c:118 match current type:58, identifier-identifier
============================================ src/parser.c:106 parser advance scanToken code:[,],token: [,]
============================================ src/parser.c:120 match current type:57, ,-identifier
============================================ src/parser.c:568 parsePrimaryExpr: current code:[,],[identifier]
============================================-/>parsePrimaryExpr(657) [,],token:57,,
========================================-/>parseUnaryExpr(459) [,],token:57,,
==================================== src/parser.c:387 parseBinaryExpr: left type:3
==================================== src/parser.c:413 parseBinaryExpr: current token: ,/57, prec: 0, minPrec: 0
==================================== src/parser.c:421 parseBinaryExpr: breaking with current token: ,
====================================-/>parseBinaryExpr(440) [,],token:57,,
================================ src/parser.c:355 parseExpression first type:3
exprType-3{wq}================================ src/parser.c:359 parser->current.type = ,
================================ src/parser.c:379 parseExpression end type:3
================================-/>parseExpression(380) [,],token:57,,
============================ src/parser.c:118 match current type:57, ,-,
============================ src/parser.c:106 parser advance scanToken code:[path],token: [identifier]
============================ src/parser.c:120 match current type:58, identifier-,
================================+<parseExpression(352) [path],token:58,identifier
====================================+<parseBinaryExpr start(385) [path],token:58,identifier
========================================+<parseUnaryExpr(445) [path],token:58,identifier
============================================+<parsePrimaryExpr(464) [path],token:58,identifier
============================================ src/parser.c:467 parsePrimaryExpr: prev1 code:[path],[,][identifier]
============================================ src/parser.c:118 match current type:58, identifier-identifier
============================================ src/parser.c:106 parser advance scanToken code:[,],token: [,]
============================================ src/parser.c:120 match current type:57, ,-identifier
============================================ src/parser.c:568 parsePrimaryExpr: current code:[,],[identifier]
============================================-/>parsePrimaryExpr(657) [,],token:57,,
========================================-/>parseUnaryExpr(459) [,],token:57,,
==================================== src/parser.c:387 parseBinaryExpr: left type:3
==================================== src/parser.c:413 parseBinaryExpr: current token: ,/57, prec: 0, minPrec: 0
==================================== src/parser.c:421 parseBinaryExpr: breaking with current token: ,
====================================-/>parseBinaryExpr(440) [,],token:57,,
================================ src/parser.c:355 parseExpression first type:3
exprType-3{path}================================ src/parser.c:359 parser->current.type = ,
================================ src/parser.c:379 parseExpression end type:3
================================-/>parseExpression(380) [,],token:57,,
============================ src/parser.c:118 match current type:57, ,-,
============================ src/parser.c:106 parser advance scanToken code:[cb],token: [identifier]
============================ src/parser.c:120 match current type:58, identifier-,
================================+<parseExpression(352) [cb],token:58,identifier
====================================+<parseBinaryExpr start(385) [cb],token:58,identifier
========================================+<parseUnaryExpr(445) [cb],token:58,identifier
============================================+<parsePrimaryExpr(464) [cb],token:58,identifier
============================================ src/parser.c:467 parsePrimaryExpr: prev1 code:[cb],[,][identifier]
============================================ src/parser.c:118 match current type:58, identifier-identifier
============================================ src/parser.c:106 parser advance scanToken code:[)],token: [)]
============================================ src/parser.c:120 match current type:51, )-identifier
============================================ src/parser.c:568 parsePrimaryExpr: current code:[)],[identifier]
============================================-/>parsePrimaryExpr(657) [)],token:51,)
========================================-/>parseUnaryExpr(459) [)],token:51,)
==================================== src/parser.c:387 parseBinaryExpr: left type:3
==================================== src/parser.c:413 parseBinaryExpr: current token: )/51, prec: 0, minPrec: 0
==================================== src/parser.c:421 parseBinaryExpr: breaking with current token: )
====================================-/>parseBinaryExpr(440) [)],token:51,)
================================ src/parser.c:355 parseExpression first type:3
exprType-3{cb}================================ src/parser.c:359 parser->current.type = )
================================ src/parser.c:379 parseExpression end type:3
================================-/>parseExpression(380) [)],token:51,)
============================ src/parser.c:106 parser advance scanToken code:[
],token: [;]
============================-/>finishCall(678) [
],token:56,;
========================-/>parsePrimaryExpr(657) [
],token:56,;
====================-/>parseUnaryExpr(459) [
],token:56,;
================ src/parser.c:387 parseBinaryExpr: left type:5
================ src/parser.c:413 parseBinaryExpr: current token: ;/56, prec: 0, minPrec: 0
================ src/parser.c:421 parseBinaryExpr: breaking with current token: ;
================-/>parseBinaryExpr(440) [
],token:56,;
============ src/parser.c:355 parseExpression first type:5
exprType-5{exprType-3{tua_fs_stat_async_cl}(exprType-3{loop}, exprType-3{wq}, exprType-3{path}, exprType-3{cb})}============ src/parser.c:359 parser->current.type = ;
============ src/parser.c:379 parseExpression end type:5
============-/>parseExpression(380) [
],token:56,;
======== src/parser.c:106 parser advance scanToken code:[}],token: [}]
========-/>parseStatement(810) [}],token:53,}
==== src/parser.c:106 parser advance scanToken code:[
],token: [;]
==== src/parser.c:118 match current type:56, ;-;
==== src/parser.c:106 parser advance scanToken code:[
],token: [;]
==== src/parser.c:120 match current type:56, ;-;
==== src/parser.c:118 match current type:56, ;-;
==== src/parser.c:106 parser advance scanToken code:[
],token: [;]
==== src/parser.c:120 match current type:56, ;-;
==== src/parser.c:118 match current type:56, ;-;
==== src/parser.c:106 parser advance scanToken code:[
],token: [;]
==== src/parser.c:120 match current type:56, ;-;
==== src/parser.c:118 match current type:56, ;-;
==== src/parser.c:106 parser advance scanToken code:[fn],token: [func/fn]
==== src/parser.c:120 match current type:13, func/fn-;
==== src/parser.c:106 parser advance scanToken code:[readdir],token: [identifier]
==== src/parser.c:106 parser advance scanToken code:[(],token: [(]
==== src/parser.c:106 parser advance scanToken code:[loop],token: [identifier]
==== src/parser.c:106 parser advance scanToken code:[:],token: [:]
==== src/parser.c:118 match current type:44, :-:
==== src/parser.c:106 parser advance scanToken code:[ptr],token: [identifier]
==== src/parser.c:120 match current type:58, identifier-:
==== src/parser.c:118 match current type:58, identifier-identifier
==== src/parser.c:106 parser advance scanToken code:[,],token: [,]
==== src/parser.c:120 match current type:57, ,-identifier
==== src/parser.c:118 match current type:57, ,-,
==== src/parser.c:106 parser advance scanToken code:[wq],token: [identifier]
==== src/parser.c:120 match current type:58, identifier-,
==== src/parser.c:106 parser advance scanToken code:[:],token: [:]
==== src/parser.c:118 match current type:44, :-:
==== src/parser.c:106 parser advance scanToken code:[ptr],token: [identifier]
==== src/parser.c:120 match current type:58, identifier-:
==== src/parser.c:118 match current type:58, identifier-identifier
==== src/parser.c:106 parser advance scanToken code:[,],token: [,]
==== src/parser.c:120 match current type:57, ,-identifier
==== src/parser.c:118 match current type:57, ,-,
==== src/parser.c:106 parser advance scanToken code:[path],token: [identifier]
==== src/parser.c:120 match current type:58, identifier-,
==== src/parser.c:106 parser advance scanToken code:[:],token: [:]
==== src/parser.c:118 match current type:44, :-:
==== src/parser.c:106 parser advance scanToken code:[string],token: [string]
==== src/parser.c:120 match current type:25, string-:
==== src/parser.c:118 match current type:25, string-string
==== src/parser.c:106 parser advance scanToken code:[,],token: [,]
==== src/parser.c:120 match current type:57, ,-string
==== src/parser.c:118 match current type:57, ,-,
==== src/parser.c:106 parser advance scanToken code:[cb],token: [identifier]
==== src/parser.c:120 match current type:58, identifier-,
==== src/parser.c:106 parser advance scanToken code:[:],token: [:]
==== src/parser.c:118 match current type:44, :-:
==== src/parser.c:106 parser advance scanToken code:[(],token: [(]
==== src/parser.c:120 match current type:50, (-:
==== src/parser.c:118 match current type:50, (-(
==== src/parser.c:106 parser advance scanToken code:[int],token: [int]
==== src/parser.c:120 match current type:21, int-(
==== src/parser.c:118 match current type:21, int-int
==== src/parser.c:106 parser advance scanToken code:[,],token: [,]
==== src/parser.c:120 match current type:57, ,-int
==== src/parser.c:118 match current type:57, ,-,
==== src/parser.c:106 parser advance scanToken code:[string],token: [string]
==== src/parser.c:120 match current type:25, string-,
==== src/parser.c:118 match current type:25, string-string
==== src/parser.c:106 parser advance scanToken code:[[],token: [[]
==== src/parser.c:120 match current type:54, [-string
==== src/parser.c:118 match current type:54, [-[
==== src/parser.c:106 parser advance scanToken code:[]],token: []]
==== src/parser.c:120 match current type:55, ]-[
==== src/parser.c:118 match current type:55, ]-]
==== src/parser.c:106 parser advance scanToken code:[)],token: [)]
==== src/parser.c:120 match current type:51, )-]
==== src/parser.c:106 parser advance scanToken code:[->],token: [->]
==== src/parser.c:106 parser advance scanToken code:[void],token: [identifier]
==== src/parser.c:118 match current type:58, identifier-identifier
==== src/parser.c:106 parser advance scanToken code:[)],token: [)]
==== src/parser.c:120 match current type:51, )-identifier
==== src/parser.c:106 parser advance scanToken code:[int],token: [int]
==== src/parser.c:118 match current type:21, int-int
==== src/parser.c:106 parser advance scanToken code:[{],token: [{]
==== src/parser.c:120 match current type:52, {-int
==== src/parser.c:106 parser advance scanToken code:[
],token: [;]
==== src/parser.c:118 match current type:56, ;-;
==== src/parser.c:106 parser advance scanToken code:[return],token: [return]
==== src/parser.c:120 match current type:14, return-;
========+<parseStatement(683) [return],token:14,return
======== src/parser.c:118 match current type:14, return-return
======== src/parser.c:106 parser advance scanToken code:[tua_fs_readdir_async_cl],token: [identifier]
======== src/parser.c:120 match current type:58, identifier-return
============+<parseExpression(352) [tua_fs_readdir_async_cl],token:58,identifier
================+<parseBinaryExpr start(385) [tua_fs_readdir_async_cl],token:58,identifier
====================+<parseUnaryExpr(445) [tua_fs_readdir_async_cl],token:58,identifier
========================+<parsePrimaryExpr(464) [tua_fs_readdir_async_cl],token:58,identifier
======================== src/parser.c:467 parsePrimaryExpr: prev1 code:[tua_fs_readdir_async_cl],[return][identifier]
======================== src/parser.c:118 match current type:58, identifier-identifier
======================== src/parser.c:106 parser advance scanToken code:[(],token: [(]
======================== src/parser.c:120 match current type:50, (-identifier
======================== src/parser.c:568 parsePrimaryExpr: current code:[(],[identifier]
======================== src/parser.c:118 match current type:50, (-(
======================== src/parser.c:106 parser advance scanToken code:[loop],token: [identifier]
======================== src/parser.c:120 match current type:58, identifier-(
============================+<finishCall(662) [loop],token:58,identifier
================================+<parseExpression(352) [loop],token:58,identifier
====================================+<parseBinaryExpr start(385) [loop],token:58,identifier
========================================+<parseUnaryExpr(445) [loop],token:58,identifier
============================================+<parsePrimaryExpr(464) [loop],token:58,identifier
============================================ src/parser.c:467 parsePrimaryExpr: prev1 code:[loop],[(][identifier]
============================================ src/parser.c:118 match current type:58, identifier-identifier
============================================ src/parser.c:106 parser advance scanToken code:[,],token: [,]
============================================ src/parser.c:120 match current type:57, ,-identifier
============================================ src/parser.c:568 parsePrimaryExpr: current code:[,],[identifier]
============================================-/>parsePrimaryExpr(657) [,],token:57,,
========================================-/>parseUnaryExpr(459) [,],token:57,,
==================================== src/parser.c:387 parseBinaryExpr: left type:3
==================================== src/parser.c:413 parseBinaryExpr: current token: ,/57, prec: 0, minPrec: 0
==================================== src/parser.c:421 parseBinaryExpr: breaking with current token: ,
====================================-/>parseBinaryExpr(440) [,],token:57,,
================================ src/parser.c:355 parseExpression first type:3
exprType-3{loop}================================ src/parser.c:359 parser->current.type = ,
================================ src/parser.c:379 parseExpression end type:3
================================-/>parseExpression(380) [,],token:57,,
============================ src/parser.c:118 match current type:57, ,-,
============================ src/parser.c:106 parser advance scanToken code:[wq],token: [identifier]
============================ src/parser.c:120 match current type:58, identifier-,
================================+<parseExpression(352) [wq],token:58,identifier
====================================+<parseBinaryExpr start(385) [wq],token:58,identifier
========================================+<parseUnaryExpr(445) [wq],token:58,identifier
============================================+<parsePrimaryExpr(464) [wq],token:58,identifier
============================================ src/parser.c:467 parsePrimaryExpr: prev1 code:[wq],[,][identifier]
============================================ src/parser.c:118 match current type:58, identifier-identifier
============================================ src/parser.c:106 parser advance scanToken code:[,],token: [,]
============================================ src/parser.c:120 match current type:57, ,-identifier
============================================ src/parser.c:568 parsePrimaryExpr: current code:[,],[identifier]
============================================-/>parsePrimaryExpr(657) [,],token:57,,
========================================-/>parseUnaryExpr(459) [,],token:57,,
==================================== src/parser.c:387 parseBinaryExpr: left type:3
==================================== src/parser.c:413 parseBinaryExpr: current token: ,/57, prec: 0, minPrec: 0
==================================== src/parser.c:421 parseBinaryExpr: breaking with current token: ,
====================================-/>parseBinaryExpr(440) [,],token:57,,
================================ src/parser.c:355 parseExpression first type:3
exprType-3{wq}================================ src/parser.c:359 parser->current.type = ,
================================ src/parser.c:379 parseExpression end type:3
================================-/>parseExpression(380) [,],token:57,,
============================ src/parser.c:118 match current type:57, ,-,
============================ src/parser.c:106 parser advance scanToken code:[path],token: [identifier]
============================ src/parser.c:120 match current type:58, identifier-,
================================+<parseExpression(352) [path],token:58,identifier
====================================+<parseBinaryExpr start(385) [path],token:58,identifier
========================================+<parseUnaryExpr(445) [path],token:58,identifier
============================================+<parsePrimaryExpr(464) [path],token:58,identifier
============================================ src/parser.c:467 parsePrimaryExpr: prev1 code:[path],[,][identifier]
============================================ src/parser.c:118 match current type:58, identifier-identifier
============================================ src/parser.c:106 parser advance scanToken code:[,],token: [,]
============================================ src/parser.c:120 match current type:57, ,-identifier
============================================ src/parser.c:568 parsePrimaryExpr: current code:[,],[identifier]
============================================-/>parsePrimaryExpr(657) [,],token:57,,
========================================-/>parseUnaryExpr(459) [,],token:57,,
==================================== src/parser.c:387 parseBinaryExpr: left type:3
==================================== src/parser.c:413 parseBinaryExpr: current token: ,/57, prec: 0, minPrec: 0
==================================== src/parser.c:421 parseBinaryExpr: breaking with current token: ,
====================================-/>parseBinaryExpr(440) [,],token:57,,
================================ src/parser.c:355 parseExpression first type:3
exprType-3{path}================================ src/parser.c:359 parser->current.type = ,
================================ src/parser.c:379 parseExpression end type:3
================================-/>parseExpression(380) [,],token:57,,
============================ src/parser.c:118 match current type:57, ,-,
============================ src/parser.c:106 parser advance scanToken code:[cb],token: [identifier]
============================ src/parser.c:120 match current type:58, identifier-,
================================+<parseExpression(352) [cb],token:58,identifier
====================================+<parseBinaryExpr start(385) [cb],token:58,identifier
========================================+<parseUnaryExpr(445) [cb],token:58,identifier
============================================+<parsePrimaryExpr(464) [cb],token:58,identifier
============================================ src/parser.c:467 parsePrimaryExpr: prev1 code:[cb],[,][identifier]
============================================ src/parser.c:118 match current type:58, identifier-identifier
============================================ src/parser.c:106 parser advance scanToken code:[)],token: [)]
============================================ src/parser.c:120 match current type:51, )-identifier
============================================ src/parser.c:568 parsePrimaryExpr: current code:[)],[identifier]
============================================-/>parsePrimaryExpr(657) [)],token:51,)
========================================-/>parseUnaryExpr(459) [)],token:51,)
==================================== src/parser.c:387 parseBinaryExpr: left type:3
==================================== src/parser.c:413 parseBinaryExpr: current token: )/51, prec: 0, minPrec: 0
==================================== src/parser.c:421 parseBinaryExpr: breaking with current token: )
====================================-/>parseBinaryExpr(440) [)],token:51,)
================================ src/parser.c:355 parseExpression first type:3
exprType-3{cb}================================ src/parser.c:359 parser->current.type = )
================================ src/parser.c:379 parseExpression end type:3
================================-/>parseExpression(380) [)],token:51,)
============================ src/parser.c:106 parser advance scanToken code:[
],token: [;]
============================-/>finishCall(678) [
],token:56,;
========================-/>parsePrimaryExpr(657) [
],token:56,;
====================-/>parseUnaryExpr(459) [
],token:56,;
================ src/parser.c:387 parseBinaryExpr: left type:5
================ src/parser.c:413 parseBinaryExpr: current token: ;/56, prec: 0, minPrec: 0
================ src/parser.c:421 parseBinaryExpr: breaking with current token: ;
================-/>parseBinaryExpr(440) [
],token:56,;
============ src/parser.c:355 parseExpression first type:5
exprType-5{exprType-3{tua_fs_readdir_async_cl}(exprType-3{loop}, exprType-3{wq}, exprType-3{path}, exprType-3{cb})}============ src/parser.c:359 parser->current.type = ;
============ src/parser.c:379 parseExpression end type:5
============-/>parseExpression(380) [
],token:56,;
======== src/parser.c:106 parser advance scanToken code:[}],token: [}]
========-/>parseStatement(810) [}],token:53,}
==== src/parser.c:106 parser advance scanToken code:[
],token: [;]
==== src/parser.c:118 match current type:56, ;-;
==== src/parser.c:106 parser advance scanToken code:[
],token: [;]
==== src/parser.c:120 match current type:56, ;-;
==== src/parser.c:118 match current type:56, ;-;
==== src/parser.c:106 parser advance scanToken code:[fn],token: [func/fn]
==== src/parser.c:120 match current type:13, func/fn-;
==== src/parser.c:106 parser advance scanToken code:[freeStringArray],token: [identifier]
==== src/parser.c:106 parser advance scanToken code:[(],token: [(]
==== src/parser.c:106 parser advance scanToken code:[names],token: [identifier]
==== src/parser.c:106 parser advance scanToken code:[:],token: [:]
==== src/parser.c:118 match current type:44, :-:
==== src/parser.c:106 parser advance scanToken code:[string],token: [string]
==== src/parser.c:120 match current type:25, string-:
==== src/parser.c:118 match current type:25, string-string
==== src/parser.c:106 parser advance scanToken code:[[],token: [[]
==== src/parser.c:120 match current type:54, [-string
==== src/parser.c:118 match current type:54, [-[
==== src/parser.c:106 parser advance scanToken code:[]],token: []]
==== src/parser.c:120 match current type:55, ]-[
==== src/parser.c:118 match current type:55, ]-]
==== src/parser.c:106 parser advance scanToken code:[)],token: [)]
==== src/parser.c:120 match current type:51, )-]
==== src/parser.c:106 parser advance scanToken code:[{],token: [{]
==== src/parser.c:106 parser advance scanToken code:[
],token: [;]
==== src/parser.c:118 match current type:56, ;-;
==== src/parser.c:106 parser advance scanToken code:[tua_fs_string_array_free],token: [identifier]
==== src/parser.c:120 match current type:58, identifier-;
==== src/parser.c:106 parser advance scanToken code:[(],token: [(]
========+<parseExpressionStatement(1068) [tua_fs_string_array_free],token:58,identifier
============+<parseExpression(352) [tua_fs_string_array_free],token:58,identifier
================+<parseBinaryExpr start(385) [tua_fs_string_array_free],token:58,identifier
====================+<parseUnaryExpr(445) [tua_fs_string_array_free],token:58,identifier
========================+<parsePrimaryExpr(464) [tua_fs_string_array_free],token:58,identifier
======================== src/parser.c:467 parsePrimaryExpr: prev1 code:[tua_fs_string_array_free],[identifier][identifier]
======================== src/parser.c:118 match current type:58, identifier-identifier
======================== src/parser.c:106 parser advance scanToken code:[(],token: [(]
======================== src/parser.c:120 match current type:50, (-identifier
======================== src/parser.c:568 parsePrimaryExpr: current code:[(],[identifier]
======================== src/parser.c:118 match current type:50, (-(
======================== src/parser.c:106 parser advance scanToken code:[names],token: [identifier]
======================== src/parser.c:120 match current type:58, identifier-(
============================+<finishCall(662) [names],token:58,identifier
================================+<parseExpression(352) [names],token:58,identifier
====================================+<parseBinaryExpr start(385) [names],token:58,identifier
========================================+<parseUnaryExpr(445) [names],token:58,identifier
============================================+<parsePrimaryExpr(464) [names],token:58,identifier
============================================ src/parser.c:467 parsePrimaryExpr: prev1 code:[names],[(][identifier]
============================================ src/parser.c:118 match current type:58, identifier-identifier
============================================ src/parser.c:106 parser advance scanToken code:[)],token: [)]
============================================ src/parser.c:120 match current type:51, )-identifier
============================================ src/parser.c:568 parsePrimaryExpr: current code:[)],[identifier]
============================================-/>parsePrimaryExpr(657) [)],token:51,)
========================================-/>parseUnaryExpr(459) [)],token:51,)
==================================== src/parser.c:387 parseBinaryExpr: left type:3
==================================== src/parser.c:413 parseBinaryExpr: current token: )/51, prec: 0, minPrec: 0
==================================== src/parser.c:421 parseBinaryExpr: breaking with current token: )
====================================-/>parseBinaryExpr(440) [)],token:51,)
================================ src/parser.c:355 parseExpression first type:3
exprType-3{names}================================ src/parser.c:359 parser->current.type = )
================================ src/parser.c:379 parseExpression end type:3
================================-/>parseExpression(380) [)],token:51,)
============================ src/parser.c:106 parser advance scanToken code:[
],token: [;]
============================-/>finishCall(678) [
],token:56,;
========================-/>parsePrimaryExpr(657) [
],token:56,;
====================-/>parseUnaryExpr(459) [
],token:56,;
================ src/parser.c:387 parseBinaryExpr: left type:5
================ src/parser.c:413 parseBinaryExpr: current token: ;/56, prec: 0, minPrec: 0
================ src/parser.c:421 parseBinaryExpr: breaking with current token: ;
================-/>parseBinaryExpr(440) [
],token:56,;
============ src/parser.c:355 parseExpression first type:5
exprType-5{exprType-3{tua_fs_string_array_free}(exprType-3{names})}============ src/parser.c:359 parser->current.type = ;
============ src/parser.c:379 parseExpression end type:5
============-/>parseExpression(380) [
],token:56,;
======== src/parser.c:1074 expr type: [5]
======== src/parser.c:106 parser advance scanToken code:[}],token: [}]
========-/>parseExpressionStatement(1081) [}],token:53,}
==== src/parser.c:106 parser advance scanToken code:[
],token: [;]
==== src/parser.c:118 match current type:56, ;-;
==== src/parser.c:106 parser advance scanToken code:[}],token: [}]
==== src/parser.c:120 match current type:53, }-;
==== src/parser.c:106 parser advance scanToken code:[
],token: [;]
==== src/parser.c:118 match current type:56, ;-;
==== src/parser.c:106 parser advance scanToken code:[
],token: [;]
==== src/parser.c:120 match current type:56, ;-;
==== src/parser.c:118 match current type:56, ;-;
==== src/parser.c:106 parser advance scanToken code:[],token: [EOF]
==== src/parser.c:120 match current type:67, EOF-;
==== src/parser.c:118 match current type:67, EOF-EOF
==== src/parser.c:106 parser advance scanToken code:[],token: [EOF]
==== src/parser.c:120 match current type:67, EOF-EOF
Compiling function statement _Users_feilaoda_workspace_lowcodecloud_Tuajit_tua_std_rt_tua__Rt__free
Compiling statement IF
if (exprType-0{(exprType-3{p} != exprType-2{LITERAL->27 null})}) {
  {
    exprType-5{exprType-3{tua_free}(exprType-3{p})};
  }
}
emitIfStmt
Compiling expression type:Binary
emitBinaryExpr start
Compiling expression type:Variable
emitVariableExpr
findVariable p=p
Compiling expression type:Literal
emitLiteralExpr type:null
Compiling statement BLOCK
{
  exprType-5{exprType-3{tua_free}(exprType-3{p})};
}
Compiling block statement
Compiling statement EXPR
exprType-5{exprType-3{tua_free}(exprType-3{p})};
Compiling Expr statement
Compiling expression type:Call
emitCallExpr
Compiling expression type:Variable
emitVariableExpr
findVariable p=p
Compiled block statement end
Compiling function statement _Users_feilaoda_workspace_lowcodecloud_Tuajit_tua_std_rt_tua__Rt__deadlineAfterMs
Compiling statement IF
if (exprType-0{(exprType-3{ms} <= exprType-2{LITERAL->21 0})}) {
  {
    return exprType-2{LITERAL->21 0};
  }
}
emitIfStmt
Compiling expression type:Binary
emitBinaryExpr start
Compiling expression type:Variable
emitVariableExpr
findVariable ms=ms
Compiling expression type:Literal
emitLiteralExpr type:int
emitBinaryExpr op type:<=
Building <= comparison
Compiling statement BLOCK
{
  return exprType-2{LITERAL->21 0};
}
Compiling block statement
Compiling statement RETURN
return exprType-2{LITERAL->21 0};
Compiling return statement
Compiling expression type:Literal
emitLiteralExpr type:int
Compiled block statement end
Compiling statement RETURN
return exprType-5{exprType-3{tua_deadline_after_ms}(exprType-3{ms})};
Compiling return statement
Compiling expression type:Call
emitCallExpr
Compiling expression type:Variable
emitVariableExpr
findVariable ms=ms
Compiling function statement _Users_feilaoda_workspace_lowcodecloud_Tuajit_tua_std_rt_tua__Rt__loopCreate
Compiling statement VAR
let loop:unknown = exprType-2{LITERAL->27 null};
compileVarStmt: loop
emitVarStmt
emitVarStmt var name:loop
emitVarStmt: init loop type:2
Compiling expression type:Literal
emitLiteralExpr type:null
Compiling statement VAR
let err = exprType-5{exprType-3{tua_loop_create}(exprType-1{(&exprType-3{loop})})};
compileVarStmt: err
emitVarStmt
emitVarStmt var name:err
emitVarStmt: init err type:5
Compiling expression type:Call
emitCallExpr
Compiling expression type:Unary
findVariableExpr
findVariable loop=loop
Compiling statement IF
if (exprType-0{(exprType-3{err} != exprType-2{LITERAL->21 0})}) {
  {
    return exprType-2{LITERAL->27 null};
  }
}
emitIfStmt
Compiling expression type:Binary
emitBinaryExpr start
Compiling expression type:Variable
emitVariableExpr
findVariable err=err
Compiling expression type:Literal
emitLiteralExpr type:int
emitBinaryExpr op type:!=
Compiling statement BLOCK
{
  return exprType-2{LITERAL->27 null};
}
Compiling block statement
Compiling statement RETURN
return exprType-2{LITERAL->27 null};
Compiling return statement
Compiling expression type:Literal
emitLiteralExpr type:null
Compiled block statement end
Compiling statement RETURN
return exprType-3{loop};
Compiling return statement
Compiling expression type:Variable
emitVariableExpr
findVariable err=loop
findVariable loop=loop
Compiling function statement _Users_feilaoda_workspace_lowcodecloud_Tuajit_tua_std_rt_tua__Rt__loopRun
Compiling statement RETURN
return exprType-5{exprType-3{tua_loop_run}(exprType-3{loop})};
Compiling return statement
Compiling expression type:Call
emitCallExpr
Compiling expression type:Variable
emitVariableExpr
findVariable loop=loop
Compiling function statement _Users_feilaoda_workspace_lowcodecloud_Tuajit_tua_std_rt_tua__Rt__loopStop
Compiling statement EXPR
exprType-5{exprType-3{tua_loop_stop}(exprType-3{loop})};
Compiling Expr statement
Compiling expression type:Call
emitCallExpr
Compiling expression type:Variable
emitVariableExpr
findVariable loop=loop
Compiling function statement _Users_feilaoda_workspace_lowcodecloud_Tuajit_tua_std_rt_tua__Rt__loopFree
Compiling statement EXPR
exprType-5{exprType-3{tua_loop_free}(exprType-3{loop})};
Compiling Expr statement
Compiling expression type:Call
emitCallExpr
Compiling expression type:Variable
emitVariableExpr
findVariable loop=loop
Compiling function statement _Users_feilaoda_workspace_lowcodecloud_Tuajit_tua_std_rt_tua__Rt__workqueueCreate
Compiling statement VAR
let wq:unknown = exprType-2{LITERAL->27 null};
compileVarStmt: wq
emitVarStmt
emitVarStmt var name:wq
emitVarStmt: init wq type:2
Compiling expression type:Literal
emitLiteralExpr type:null
Compiling statement VAR
let err = exprType-5{exprType-3{tua_workqueue_create}(exprType-1{(&exprType-3{wq})}, exprType-3{threads})};
compileVarStmt: err
emitVarStmt
emitVarStmt var name:err
emitVarStmt: init err type:5
Compiling expression type:Call
emitCallExpr
Compiling expression type:Unary
findVariableExpr
findVariable wq=wq
Compiling expression type:Variable
emitVariableExpr
findVariable wq=threads
findVariable threads=threads
Compiling statement IF
if (exprType-0{(exprType-3{err} != exprType-2{LITERAL->21 0})}) {
  {
    return exprType-2{LITERAL->27 null};
  }
}
emitIfStmt
Compiling expression type:Binary
emitBinaryExpr start
Compiling expression type:Variable
emitVariableExpr
findVariable err=err
Compiling expression type:Literal
emitLiteralExpr type:int
emitBinaryExpr op type:!=
Compiling statement BLOCK
{
  return exprType-2{LITERAL->27 null};
}
Compiling block statement
Compiling statement RETURN
return exprType-2{LITERAL->27 null};
Compiling return statement
Compiling expression type:Literal
emitLiteralExpr type:null
Compiled block statement end
Compiling statement RETURN
return exprType-3{wq};
Compiling return statement
Compiling expression type:Variable
emitVariableExpr
findVariable err=wq
findVariable wq=wq
Compiling function statement _Users_feilaoda_workspace_lowcodecloud_Tuajit_tua_std_rt_tua__Rt__workqueueFree
Compiling statement EXPR
exprType-5{exprType-3{tua_workqueue_free}(exprType-3{wq})};
Compiling Expr statement
Compiling expression type:Call
emitCallExpr
Compiling expression type:Variable
emitVariableExpr
findVariable wq=wq
Compiling function statement _Users_feilaoda_workspace_lowcodecloud_Tuajit_tua_std_fs_async_tua__FsAsync__readFile
Compiling statement RETURN
return exprType-5{exprType-3{tua_fs_readfile_alloc_async_cl}(exprType-3{loop}, exprType-3{wq}, exprType-3{path}, exprType-3{cb})};
Compiling return statement
Compiling expression type:Call
emitCallExpr
Compiling expression type:Variable
emitVariableExpr
findVariable cb=loop
findVariable path=loop
findVariable wq=loop
findVariable loop=loop
Compiling expression type:Variable
emitVariableExpr
findVariable cb=wq
findVariable path=wq
findVariable wq=wq
Compiling expression type:Variable
emitVariableExpr
findVariable cb=path
findVariable path=path
Compiling expression type:Variable
emitVariableExpr
findVariable cb=cb
Compiling function statement _Users_feilaoda_workspace_lowcodecloud_Tuajit_tua_std_fs_async_tua__FsAsync__writeFile
Compiling statement RETURN
return exprType-5{exprType-3{tua_fs_writefile_str_async_cl}(exprType-3{loop}, exprType-3{wq}, exprType-3{path}, exprType-3{data}, exprType-3{cb})};
Compiling return statement
Compiling expression type:Call
emitCallExpr
Compiling expression type:Variable
emitVariableExpr
findVariable cb=loop
findVariable data=loop
findVariable path=loop
findVariable wq=loop
findVariable loop=loop
Compiling expression type:Variable
emitVariableExpr
findVariable cb=wq
findVariable data=wq
findVariable path=wq
findVariable wq=wq
Compiling expression type:Variable
emitVariableExpr
findVariable cb=path
findVariable data=path
findVariable path=path
Compiling expression type:Variable
emitVariableExpr
findVariable cb=data
findVariable data=data
Compiling expression type:Variable
emitVariableExpr
findVariable cb=cb
Compiling function statement _Users_feilaoda_workspace_lowcodecloud_Tuajit_tua_std_fs_async_tua__FsAsync__stat
Compiling statement RETURN
return exprType-5{exprType-3{tua_fs_stat_async_cl}(exprType-3{loop}, exprType-3{wq}, exprType-3{path}, exprType-3{cb})};
Compiling return statement
Compiling expression type:Call
emitCallExpr
Compiling expression type:Variable
emitVariableExpr
findVariable cb=loop
findVariable path=loop
findVariable wq=loop
findVariable loop=loop
Compiling expression type:Variable
emitVariableExpr
findVariable cb=wq
findVariable path=wq
findVariable wq=wq
Compiling expression type:Variable
emitVariableExpr
findVariable cb=path
findVariable path=path
Compiling expression type:Variable
emitVariableExpr
findVariable cb=cb
Compiling function statement _Users_feilaoda_workspace_lowcodecloud_Tuajit_tua_std_fs_async_tua__FsAsync__readdir
Compiling statement RETURN
return exprType-5{exprType-3{tua_fs_readdir_async_cl}(exprType-3{loop}, exprType-3{wq}, exprType-3{path}, exprType-3{cb})};
Compiling return statement
Compiling expression type:Call
emitCallExpr
Compiling expression type:Variable
emitVariableExpr
findVariable cb=loop
findVariable path=loop
findVariable wq=loop
findVariable loop=loop
Compiling expression type:Variable
emitVariableExpr
findVariable cb=wq
findVariable path=wq
findVariable wq=wq
Compiling expression type:Variable
emitVariableExpr
findVariable cb=path
findVariable path=path
Compiling expression type:Variable
emitVariableExpr
findVariable cb=cb
Compiling function statement _Users_feilaoda_workspace_lowcodecloud_Tuajit_tua_std_fs_async_tua__FsAsync__freeStringArray
Compiling statement EXPR
exprType-5{exprType-3{tua_fs_string_array_free}(exprType-3{names})};
Compiling Expr statement
Compiling expression type:Call
emitCallExpr
Compiling expression type:Variable
emitVariableExpr
findVariable names=names
compileVarStmt: _Users_feilaoda_workspace_lowcodecloud_Tuajit_tua_tests_std_rt_fs_async_readfile_tua__loop
emitVarStmt
emitVarStmt var name:_Users_feilaoda_workspace_lowcodecloud_Tuajit_tua_tests_std_rt_fs_async_readfile_tua__loop
emitVarStmt: init _Users_feilaoda_workspace_lowcodecloud_Tuajit_tua_tests_std_rt_fs_async_readfile_tua__loop type:5
Compiling expression type:Call
emitCallExpr
Compiling statement EXPR
exprType-5{exprType-3{assert}(exprType-0{(exprType-3{loop} != exprType-2{LITERAL->27 null})})};
Compiling Expr statement
Compiling expression type:Call
emitCallExpr
Compiling expression type:Binary
emitBinaryExpr start
Compiling expression type:Variable
emitVariableExpr
findVariable _Users_feilaoda_workspace_lowcodecloud_Tuajit_tua_tests_std_rt_fs_async_readfile_tua__loop=loop
findVariable ARGV=loop
findVariable _Users_feilaoda_workspace_lowcodecloud_Tuajit_tua_tests_std_rt_fs_async_readfile_tua__loop=_Users_feilaoda_workspace_lowcodecloud_Tuajit_tua_tests_std_rt_fs_async_readfile_tua__loop
Compiling expression type:Literal
emitLiteralExpr type:null
compileVarStmt: _Users_feilaoda_workspace_lowcodecloud_Tuajit_tua_tests_std_rt_fs_async_readfile_tua__wq
emitVarStmt
emitVarStmt var name:_Users_feilaoda_workspace_lowcodecloud_Tuajit_tua_tests_std_rt_fs_async_readfile_tua__wq
emitVarStmt: init _Users_feilaoda_workspace_lowcodecloud_Tuajit_tua_tests_std_rt_fs_async_readfile_tua__wq type:5
Compiling expression type:Call
emitCallExpr
Compiling expression type:Literal
emitLiteralExpr type:int
Compiling statement EXPR
exprType-5{exprType-3{assert}(exprType-0{(exprType-3{wq} != exprType-2{LITERAL->27 null})})};
Compiling Expr statement
Compiling expression type:Call
emitCallExpr
Compiling expression type:Binary
emitBinaryExpr start
Compiling expression type:Variable
emitVariableExpr
findVariable _Users_feilaoda_workspace_lowcodecloud_Tuajit_tua_tests_std_rt_fs_async_readfile_tua__wq=wq
findVariable _Users_feilaoda_workspace_lowcodecloud_Tuajit_tua_tests_std_rt_fs_async_readfile_tua__loop=wq
findVariable ARGV=wq
findVariable _Users_feilaoda_workspace_lowcodecloud_Tuajit_tua_tests_std_rt_fs_async_readfile_tua__wq=_Users_feilaoda_workspace_lowcodecloud_Tuajit_tua_tests_std_rt_fs_async_readfile_tua__wq
Compiling expression type:Literal
emitLiteralExpr type:null
compileVarStmt: _Users_feilaoda_workspace_lowcodecloud_Tuajit_tua_tests_std_rt_fs_async_readfile_tua__ok
emitVarStmt
emitVarStmt var name:_Users_feilaoda_workspace_lowcodecloud_Tuajit_tua_tests_std_rt_fs_async_readfile_tua__ok
emitVarStmt: init _Users_feilaoda_workspace_lowcodecloud_Tuajit_tua_tests_std_rt_fs_async_readfile_tua__ok type:2
Compiling expression type:Literal
emitLiteralExpr type:int
Compiling statement EXPR
exprType-5{exprType-9{Unknown expression type, 9
}(exprType-3{loop}, exprType-3{wq}, exprType-2{LITERAL->60 "README.md"}, exprType-11{Unknown expression type, 11
})};
Compiling Expr statement
Compiling expression type:Call
emitCallExpr
Compiling expression type:Variable
emitVariableExpr
findVariable _Users_feilaoda_workspace_lowcodecloud_Tuajit_tua_tests_std_rt_fs_async_readfile_tua__ok=loop
findVariable _Users_feilaoda_workspace_lowcodecloud_Tuajit_tua_tests_std_rt_fs_async_readfile_tua__wq=loop
findVariable _Users_feilaoda_workspace_lowcodecloud_Tuajit_tua_tests_std_rt_fs_async_readfile_tua__loop=loop
findVariable ARGV=loop
findVariable _Users_feilaoda_workspace_lowcodecloud_Tuajit_tua_tests_std_rt_fs_async_readfile_tua__ok=_Users_feilaoda_workspace_lowcodecloud_Tuajit_tua_tests_std_rt_fs_async_readfile_tua__loop
findVariable _Users_feilaoda_workspace_lowcodecloud_Tuajit_tua_tests_std_rt_fs_async_readfile_tua__wq=_Users_feilaoda_workspace_lowcodecloud_Tuajit_tua_tests_std_rt_fs_async_readfile_tua__loop
findVariable _Users_feilaoda_workspace_lowcodecloud_Tuajit_tua_tests_std_rt_fs_async_readfile_tua__loop=_Users_feilaoda_workspace_lowcodecloud_Tuajit_tua_tests_std_rt_fs_async_readfile_tua__loop
Compiling expression type:Variable
emitVariableExpr
findVariable _Users_feilaoda_workspace_lowcodecloud_Tuajit_tua_tests_std_rt_fs_async_readfile_tua__ok=wq
findVariable _Users_feilaoda_workspace_lowcodecloud_Tuajit_tua_tests_std_rt_fs_async_readfile_tua__wq=wq
findVariable _Users_feilaoda_workspace_lowcodecloud_Tuajit_tua_tests_std_rt_fs_async_readfile_tua__loop=wq
findVariable ARGV=wq
findVariable _Users_feilaoda_workspace_lowcodecloud_Tuajit_tua_tests_std_rt_fs_async_readfile_tua__ok=_Users_feilaoda_workspace_lowcodecloud_Tuajit_tua_tests_std_rt_fs_async_readfile_tua__wq
findVariable _Users_feilaoda_workspace_lowcodecloud_Tuajit_tua_tests_std_rt_fs_async_readfile_tua__wq=_Users_feilaoda_workspace_lowcodecloud_Tuajit_tua_tests_std_rt_fs_async_readfile_tua__wq
Compiling expression type:Literal
emitLiteralExpr type:string_literal
Compiling expression type:Lambda
emitLambdaExpr
findVariableExpr
findVariable _Users_feilaoda_workspace_lowcodecloud_Tuajit_tua_tests_std_rt_fs_async_readfile_tua__ok=assert
findVariable _Users_feilaoda_workspace_lowcodecloud_Tuajit_tua_tests_std_rt_fs_async_readfile_tua__wq=assert
findVariable _Users_feilaoda_workspace_lowcodecloud_Tuajit_tua_tests_std_rt_fs_async_readfile_tua__loop=assert
findVariable ARGV=assert
findVariable _Users_feilaoda_workspace_lowcodecloud_Tuajit_tua_tests_std_rt_fs_async_readfile_tua__ok=_Users_feilaoda_workspace_lowcodecloud_Tuajit_tua_tests_std_rt_fs_async_readfile_tua__assert
findVariable _Users_feilaoda_workspace_lowcodecloud_Tuajit_tua_tests_std_rt_fs_async_readfile_tua__wq=_Users_feilaoda_workspace_lowcodecloud_Tuajit_tua_tests_std_rt_fs_async_readfile_tua__assert
findVariable _Users_feilaoda_workspace_lowcodecloud_Tuajit_tua_tests_std_rt_fs_async_readfile_tua__loop=_Users_feilaoda_workspace_lowcodecloud_Tuajit_tua_tests_std_rt_fs_async_readfile_tua__assert
findVariable ARGV=_Users_feilaoda_workspace_lowcodecloud_Tuajit_tua_tests_std_rt_fs_async_readfile_tua__assert
findVariableExpr
findVariable _Users_feilaoda_workspace_lowcodecloud_Tuajit_tua_tests_std_rt_fs_async_readfile_tua__ok=ok
findVariable _Users_feilaoda_workspace_lowcodecloud_Tuajit_tua_tests_std_rt_fs_async_readfile_tua__wq=ok
findVariable _Users_feilaoda_workspace_lowcodecloud_Tuajit_tua_tests_std_rt_fs_async_readfile_tua__loop=ok
findVariable ARGV=ok
findVariable _Users_feilaoda_workspace_lowcodecloud_Tuajit_tua_tests_std_rt_fs_async_readfile_tua__ok=_Users_feilaoda_workspace_lowcodecloud_Tuajit_tua_tests_std_rt_fs_async_readfile_tua__ok
findVariableExpr
findVariable _Users_feilaoda_workspace_lowcodecloud_Tuajit_tua_tests_std_rt_fs_async_readfile_tua__ok=rt
findVariable _Users_feilaoda_workspace_lowcodecloud_Tuajit_tua_tests_std_rt_fs_async_readfile_tua__wq=rt
findVariable _Users_feilaoda_workspace_lowcodecloud_Tuajit_tua_tests_std_rt_fs_async_readfile_tua__loop=rt
findVariable ARGV=rt
findVariable _Users_feilaoda_workspace_lowcodecloud_Tuajit_tua_tests_std_rt_fs_async_readfile_tua__ok=_Users_feilaoda_workspace_lowcodecloud_Tuajit_tua_tests_std_rt_fs_async_readfile_tua__rt
findVariable _Users_feilaoda_workspace_lowcodecloud_Tuajit_tua_tests_std_rt_fs_async_readfile_tua__wq=_Users_feilaoda_workspace_lowcodecloud_Tuajit_tua_tests_std_rt_fs_async_readfile_tua__rt
findVariable _Users_feilaoda_workspace_lowcodecloud_Tuajit_tua_tests_std_rt_fs_async_readfile_tua__loop=_Users_feilaoda_workspace_lowcodecloud_Tuajit_tua_tests_std_rt_fs_async_readfile_tua__rt
findVariable ARGV=_Users_feilaoda_workspace_lowcodecloud_Tuajit_tua_tests_std_rt_fs_async_readfile_tua__rt
findVariableExpr
findVariable _Users_feilaoda_workspace_lowcodecloud_Tuajit_tua_tests_std_rt_fs_async_readfile_tua__ok=loop
findVariable _Users_feilaoda_workspace_lowcodecloud_Tuajit_tua_tests_std_rt_fs_async_readfile_tua__wq=loop
findVariable _Users_feilaoda_workspace_lowcodecloud_Tuajit_tua_tests_std_rt_fs_async_readfile_tua__loop=loop
findVariable ARGV=loop
findVariable _Users_feilaoda_workspace_lowcodecloud_Tuajit_tua_tests_std_rt_fs_async_readfile_tua__ok=_Users_feilaoda_workspace_lowcodecloud_Tuajit_tua_tests_std_rt_fs_async_readfile_tua__loop
findVariable _Users_feilaoda_workspace_lowcodecloud_Tuajit_tua_tests_std_rt_fs_async_readfile_tua__wq=_Users_feilaoda_workspace_lowcodecloud_Tuajit_tua_tests_std_rt_fs_async_readfile_tua__loop
findVariable _Users_feilaoda_workspace_lowcodecloud_Tuajit_tua_tests_std_rt_fs_async_readfile_tua__loop=_Users_feilaoda_workspace_lowcodecloud_Tuajit_tua_tests_std_rt_fs_async_readfile_tua__loop
Compiling statement EXPR
exprType-5{exprType-3{assert}(exprType-0{(exprType-3{err} == exprType-2{LITERAL->21 0})})};
Compiling Expr statement
Compiling expression type:Call
emitCallExpr
Compiling expression type:Binary
emitBinaryExpr start
Compiling expression type:Variable
emitVariableExpr
findVariable n=err
findVariable data=err
findVariable err=err
Compiling expression type:Literal
emitLiteralExpr type:int
emitBinaryExpr op type:==
Compiling statement EXPR
exprType-5{exprType-3{assert}(exprType-0{(exprType-3{data} != exprType-2{LITERAL->27 null})})};
Compiling Expr statement
Compiling expression type:Call
emitCallExpr
Compiling expression type:Binary
emitBinaryExpr start
Compiling expression type:Variable
emitVariableExpr
findVariable n=data
findVariable data=data
Compiling expression type:Literal
emitLiteralExpr type:null
Compiling statement EXPR
exprType-5{exprType-3{assert}(exprType-0{(exprType-3{n} > exprType-2{LITERAL->21 0})})};
Compiling Expr statement
Compiling expression type:Call
emitCallExpr
Compiling expression type:Binary
emitBinaryExpr start
Compiling expression type:Variable
emitVariableExpr
findVariable n=n
Compiling expression type:Literal
emitLiteralExpr type:int
emitBinaryExpr op type:>
Compiling statement EXPR
exprType-8{ok = exprType-2{LITERAL->21 1}};
Compiling Expr statement
Compiling expression type:Assign
emitAssignExpr
findVariable n=ok
findVariable data=ok
findVariable err=ok
findVariable loop=ok
findVariable rt=ok
findVariable ok=ok
Compiling expression type:Literal
emitLiteralExpr type:int
emitAssignExpr end
Compiling statement EXPR
exprType-5{exprType-9{Unknown expression type, 9
}(exprType-3{data})};
Compiling Expr statement
Compiling expression type:Call
emitCallExpr
Compiling expression type:Variable
emitVariableExpr
findVariable n=data
findVariable data=data
Compiling statement EXPR
exprType-5{exprType-9{Unknown expression type, 9
}(exprType-3{loop})};
Compiling Expr statement
Compiling expression type:Call
emitCallExpr
Compiling expression type:Variable
emitVariableExpr
findVariable n=loop
findVariable data=loop
findVariable err=loop
findVariable loop=loop
findVariableExpr
findVariable _Users_feilaoda_workspace_lowcodecloud_Tuajit_tua_tests_std_rt_fs_async_readfile_tua__ok=assert
findVariable _Users_feilaoda_workspace_lowcodecloud_Tuajit_tua_tests_std_rt_fs_async_readfile_tua__wq=assert
findVariable _Users_feilaoda_workspace_lowcodecloud_Tuajit_tua_tests_std_rt_fs_async_readfile_tua__loop=assert
findVariable ARGV=assert
findVariable _Users_feilaoda_workspace_lowcodecloud_Tuajit_tua_tests_std_rt_fs_async_readfile_tua__ok=_Users_feilaoda_workspace_lowcodecloud_Tuajit_tua_tests_std_rt_fs_async_readfile_tua__assert
findVariable _Users_feilaoda_workspace_lowcodecloud_Tuajit_tua_tests_std_rt_fs_async_readfile_tua__wq=_Users_feilaoda_workspace_lowcodecloud_Tuajit_tua_tests_std_rt_fs_async_readfile_tua__assert
findVariable _Users_feilaoda_workspace_lowcodecloud_Tuajit_tua_tests_std_rt_fs_async_readfile_tua__loop=_Users_feilaoda_workspace_lowcodecloud_Tuajit_tua_tests_std_rt_fs_async_readfile_tua__assert
findVariable ARGV=_Users_feilaoda_workspace_lowcodecloud_Tuajit_tua_tests_std_rt_fs_async_readfile_tua__assert
findVariableExpr
findVariable _Users_feilaoda_workspace_lowcodecloud_Tuajit_tua_tests_std_rt_fs_async_readfile_tua__ok=ok
findVariable _Users_feilaoda_workspace_lowcodecloud_Tuajit_tua_tests_std_rt_fs_async_readfile_tua__wq=ok
findVariable _Users_feilaoda_workspace_lowcodecloud_Tuajit_tua_tests_std_rt_fs_async_readfile_tua__loop=ok
findVariable ARGV=ok
findVariable _Users_feilaoda_workspace_lowcodecloud_Tuajit_tua_tests_std_rt_fs_async_readfile_tua__ok=_Users_feilaoda_workspace_lowcodecloud_Tuajit_tua_tests_std_rt_fs_async_readfile_tua__ok
findVariableExpr
findVariable _Users_feilaoda_workspace_lowcodecloud_Tuajit_tua_tests_std_rt_fs_async_readfile_tua__ok=rt
findVariable _Users_feilaoda_workspace_lowcodecloud_Tuajit_tua_tests_std_rt_fs_async_readfile_tua__wq=rt
findVariable _Users_feilaoda_workspace_lowcodecloud_Tuajit_tua_tests_std_rt_fs_async_readfile_tua__loop=rt
findVariable ARGV=rt
findVariable _Users_feilaoda_workspace_lowcodecloud_Tuajit_tua_tests_std_rt_fs_async_readfile_tua__ok=_Users_feilaoda_workspace_lowcodecloud_Tuajit_tua_tests_std_rt_fs_async_readfile_tua__rt
findVariable _Users_feilaoda_workspace_lowcodecloud_Tuajit_tua_tests_std_rt_fs_async_readfile_tua__wq=_Users_feilaoda_workspace_lowcodecloud_Tuajit_tua_tests_std_rt_fs_async_readfile_tua__rt
findVariable _Users_feilaoda_workspace_lowcodecloud_Tuajit_tua_tests_std_rt_fs_async_readfile_tua__loop=_Users_feilaoda_workspace_lowcodecloud_Tuajit_tua_tests_std_rt_fs_async_readfile_tua__rt
findVariable ARGV=_Users_feilaoda_workspace_lowcodecloud_Tuajit_tua_tests_std_rt_fs_async_readfile_tua__rt
findVariableExpr
findVariable _Users_feilaoda_workspace_lowcodecloud_Tuajit_tua_tests_std_rt_fs_async_readfile_tua__ok=loop
findVariable _Users_feilaoda_workspace_lowcodecloud_Tuajit_tua_tests_std_rt_fs_async_readfile_tua__wq=loop
findVariable _Users_feilaoda_workspace_lowcodecloud_Tuajit_tua_tests_std_rt_fs_async_readfile_tua__loop=loop
findVariable ARGV=loop
findVariable _Users_feilaoda_workspace_lowcodecloud_Tuajit_tua_tests_std_rt_fs_async_readfile_tua__ok=_Users_feilaoda_workspace_lowcodecloud_Tuajit_tua_tests_std_rt_fs_async_readfile_tua__loop
findVariable _Users_feilaoda_workspace_lowcodecloud_Tuajit_tua_tests_std_rt_fs_async_readfile_tua__wq=_Users_feilaoda_workspace_lowcodecloud_Tuajit_tua_tests_std_rt_fs_async_readfile_tua__loop
findVariable _Users_feilaoda_workspace_lowcodecloud_Tuajit_tua_tests_std_rt_fs_async_readfile_tua__loop=_Users_feilaoda_workspace_lowcodecloud_Tuajit_tua_tests_std_rt_fs_async_readfile_tua__loop
Compiling statement EXPR
exprType-5{exprType-9{Unknown expression type, 9
}(exprType-3{loop})};
Compiling Expr statement
Compiling expression type:Call
emitCallExpr
Compiling expression type:Variable
emitVariableExpr
findVariable _Users_feilaoda_workspace_lowcodecloud_Tuajit_tua_tests_std_rt_fs_async_readfile_tua__ok=loop
findVariable _Users_feilaoda_workspace_lowcodecloud_Tuajit_tua_tests_std_rt_fs_async_readfile_tua__wq=loop
findVariable _Users_feilaoda_workspace_lowcodecloud_Tuajit_tua_tests_std_rt_fs_async_readfile_tua__loop=loop
findVariable ARGV=loop
findVariable _Users_feilaoda_workspace_lowcodecloud_Tuajit_tua_tests_std_rt_fs_async_readfile_tua__ok=_Users_feilaoda_workspace_lowcodecloud_Tuajit_tua_tests_std_rt_fs_async_readfile_tua__loop
findVariable _Users_feilaoda_workspace_lowcodecloud_Tuajit_tua_tests_std_rt_fs_async_readfile_tua__wq=_Users_feilaoda_workspace_lowcodecloud_Tuajit_tua_tests_std_rt_fs_async_readfile_tua__loop
findVariable _Users_feilaoda_workspace_lowcodecloud_Tuajit_tua_tests_std_rt_fs_async_readfile_tua__loop=_Users_feilaoda_workspace_lowcodecloud_Tuajit_tua_tests_std_rt_fs_async_readfile_tua__loop
Compiling statement EXPR
exprType-5{exprType-3{assert}(exprType-0{(exprType-3{ok} == exprType-2{LITERAL->21 1})})};
Compiling Expr statement
Compiling expression type:Call
emitCallExpr
Compiling expression type:Binary
emitBinaryExpr start
Compiling expression type:Variable
emitVariableExpr
findVariable _Users_feilaoda_workspace_lowcodecloud_Tuajit_tua_tests_std_rt_fs_async_readfile_tua__ok=ok
findVariable _Users_feilaoda_workspace_lowcodecloud_Tuajit_tua_tests_std_rt_fs_async_readfile_tua__wq=ok
findVariable _Users_feilaoda_workspace_lowcodecloud_Tuajit_tua_tests_std_rt_fs_async_readfile_tua__loop=ok
findVariable ARGV=ok
findVariable _Users_feilaoda_workspace_lowcodecloud_Tuajit_tua_tests_std_rt_fs_async_readfile_tua__ok=_Users_feilaoda_workspace_lowcodecloud_Tuajit_tua_tests_std_rt_fs_async_readfile_tua__ok
Compiling expression type:Literal
emitLiteralExpr type:int
emitBinaryExpr op type:==
Compiling statement EXPR
exprType-5{exprType-9{Unknown expression type, 9
}(exprType-3{wq})};
Compiling Expr statement
Compiling expression type:Call
emitCallExpr
Compiling expression type:Variable
emitVariableExpr
findVariable _Users_feilaoda_workspace_lowcodecloud_Tuajit_tua_tests_std_rt_fs_async_readfile_tua__ok=wq
findVariable _Users_feilaoda_workspace_lowcodecloud_Tuajit_tua_tests_std_rt_fs_async_readfile_tua__wq=wq
findVariable _Users_feilaoda_workspace_lowcodecloud_Tuajit_tua_tests_std_rt_fs_async_readfile_tua__loop=wq
findVariable ARGV=wq
findVariable _Users_feilaoda_workspace_lowcodecloud_Tuajit_tua_tests_std_rt_fs_async_readfile_tua__ok=_Users_feilaoda_workspace_lowcodecloud_Tuajit_tua_tests_std_rt_fs_async_readfile_tua__wq
findVariable _Users_feilaoda_workspace_lowcodecloud_Tuajit_tua_tests_std_rt_fs_async_readfile_tua__wq=_Users_feilaoda_workspace_lowcodecloud_Tuajit_tua_tests_std_rt_fs_async_readfile_tua__wq
Compiling statement EXPR
exprType-5{exprType-9{Unknown expression type, 9
}(exprType-3{loop})};
Compiling Expr statement
Compiling expression type:Call
emitCallExpr
Compiling expression type:Variable
emitVariableExpr
findVariable _Users_feilaoda_workspace_lowcodecloud_Tuajit_tua_tests_std_rt_fs_async_readfile_tua__ok=loop
findVariable _Users_feilaoda_workspace_lowcodecloud_Tuajit_tua_tests_std_rt_fs_async_readfile_tua__wq=loop
findVariable _Users_feilaoda_workspace_lowcodecloud_Tuajit_tua_tests_std_rt_fs_async_readfile_tua__loop=loop
findVariable ARGV=loop
findVariable _Users_feilaoda_workspace_lowcodecloud_Tuajit_tua_tests_std_rt_fs_async_readfile_tua__ok=_Users_feilaoda_workspace_lowcodecloud_Tuajit_tua_tests_std_rt_fs_async_readfile_tua__loop
findVariable _Users_feilaoda_workspace_lowcodecloud_Tuajit_tua_tests_std_rt_fs_async_readfile_tua__wq=_Users_feilaoda_workspace_lowcodecloud_Tuajit_tua_tests_std_rt_fs_async_readfile_tua__loop
findVariable _Users_feilaoda_workspace_lowcodecloud_Tuajit_tua_tests_std_rt_fs_async_readfile_tua__loop=_Users_feilaoda_workspace_lowcodecloud_Tuajit_tua_tests_std_rt_fs_async_readfile_tua__loop
endLLVM
call return
call print error
call print IR
; ModuleID = 'tua_module'
source_filename = "tua_module"

%__env_0 = type { ptr, ptr, ptr, ptr }

@tua_file = private unnamed_addr constant [61 x i8] c"/Users/feilaoda/workspace/lowcodecloud/Tuajit/tua/std/rt.tua\00", align 1
@tua_file.1 = private unnamed_addr constant [61 x i8] c"/Users/feilaoda/workspace/lowcodecloud/Tuajit/tua/std/rt.tua\00", align 1
@tua_file.2 = private unnamed_addr constant [61 x i8] c"/Users/feilaoda/workspace/lowcodecloud/Tuajit/tua/std/rt.tua\00", align 1
@tua_file.3 = private unnamed_addr constant [61 x i8] c"/Users/feilaoda/workspace/lowcodecloud/Tuajit/tua/std/rt.tua\00", align 1
@tua_file.4 = private unnamed_addr constant [61 x i8] c"/Users/feilaoda/workspace/lowcodecloud/Tuajit/tua/std/rt.tua\00", align 1
@tua_file.5 = private unnamed_addr constant [61 x i8] c"/Users/feilaoda/workspace/lowcodecloud/Tuajit/tua/std/rt.tua\00", align 1
@tua_file.6 = private unnamed_addr constant [61 x i8] c"/Users/feilaoda/workspace/lowcodecloud/Tuajit/tua/std/rt.tua\00", align 1
@tua_file.7 = private unnamed_addr constant [61 x i8] c"/Users/feilaoda/workspace/lowcodecloud/Tuajit/tua/std/rt.tua\00", align 1
@tua_file.8 = private unnamed_addr constant [61 x i8] c"/Users/feilaoda/workspace/lowcodecloud/Tuajit/tua/std/rt.tua\00", align 1
@tua_file.9 = private unnamed_addr constant [61 x i8] c"/Users/feilaoda/workspace/lowcodecloud/Tuajit/tua/std/rt.tua\00", align 1
@tua_file.10 = private unnamed_addr constant [61 x i8] c"/Users/feilaoda/workspace/lowcodecloud/Tuajit/tua/std/rt.tua\00", align 1
@tua_file.11 = private unnamed_addr constant [61 x i8] c"/Users/feilaoda/workspace/lowcodecloud/Tuajit/tua/std/rt.tua\00", align 1
@tua_file.12 = private unnamed_addr constant [61 x i8] c"/Users/feilaoda/workspace/lowcodecloud/Tuajit/tua/std/rt.tua\00", align 1
@tua_file.13 = private unnamed_addr constant [61 x i8] c"/Users/feilaoda/workspace/lowcodecloud/Tuajit/tua/std/rt.tua\00", align 1
@tua_file.14 = private unnamed_addr constant [61 x i8] c"/Users/feilaoda/workspace/lowcodecloud/Tuajit/tua/std/rt.tua\00", align 1
@tua_file.15 = private unnamed_addr constant [61 x i8] c"/Users/feilaoda/workspace/lowcodecloud/Tuajit/tua/std/rt.tua\00", align 1
@tua_file.16 = private unnamed_addr constant [61 x i8] c"/Users/feilaoda/workspace/lowcodecloud/Tuajit/tua/std/rt.tua\00", align 1
@tua_file.17 = private unnamed_addr constant [61 x i8] c"/Users/feilaoda/workspace/lowcodecloud/Tuajit/tua/std/rt.tua\00", align 1
@tua_file.18 = private unnamed_addr constant [61 x i8] c"/Users/feilaoda/workspace/lowcodecloud/Tuajit/tua/std/rt.tua\00", align 1
@tua_file.19 = private unnamed_addr constant [61 x i8] c"/Users/feilaoda/workspace/lowcodecloud/Tuajit/tua/std/rt.tua\00", align 1
@tua_file.20 = private unnamed_addr constant [61 x i8] c"/Users/feilaoda/workspace/lowcodecloud/Tuajit/tua/std/rt.tua\00", align 1
@tua_file.21 = private unnamed_addr constant [61 x i8] c"/Users/feilaoda/workspace/lowcodecloud/Tuajit/tua/std/rt.tua\00", align 1
@tua_file.22 = private unnamed_addr constant [61 x i8] c"/Users/feilaoda/workspace/lowcodecloud/Tuajit/tua/std/rt.tua\00", align 1
@tua_file.23 = private unnamed_addr constant [61 x i8] c"/Users/feilaoda/workspace/lowcodecloud/Tuajit/tua/std/rt.tua\00", align 1
@tua_file.24 = private unnamed_addr constant [61 x i8] c"/Users/feilaoda/workspace/lowcodecloud/Tuajit/tua/std/rt.tua\00", align 1
@tua_file.25 = private unnamed_addr constant [61 x i8] c"/Users/feilaoda/workspace/lowcodecloud/Tuajit/tua/std/rt.tua\00", align 1
@tua_file.26 = private unnamed_addr constant [61 x i8] c"/Users/feilaoda/workspace/lowcodecloud/Tuajit/tua/std/rt.tua\00", align 1
@tua_file.27 = private unnamed_addr constant [61 x i8] c"/Users/feilaoda/workspace/lowcodecloud/Tuajit/tua/std/rt.tua\00", align 1
@tua_file.28 = private unnamed_addr constant [61 x i8] c"/Users/feilaoda/workspace/lowcodecloud/Tuajit/tua/std/rt.tua\00", align 1
@tua_file.29 = private unnamed_addr constant [61 x i8] c"/Users/feilaoda/workspace/lowcodecloud/Tuajit/tua/std/rt.tua\00", align 1
@tua_file.30 = private unnamed_addr constant [61 x i8] c"/Users/feilaoda/workspace/lowcodecloud/Tuajit/tua/std/rt.tua\00", align 1
@tua_file.31 = private unnamed_addr constant [61 x i8] c"/Users/feilaoda/workspace/lowcodecloud/Tuajit/tua/std/rt.tua\00", align 1
@tua_file.32 = private unnamed_addr constant [61 x i8] c"/Users/feilaoda/workspace/lowcodecloud/Tuajit/tua/std/rt.tua\00", align 1
@tua_file.33 = private unnamed_addr constant [61 x i8] c"/Users/feilaoda/workspace/lowcodecloud/Tuajit/tua/std/rt.tua\00", align 1
@tua_file.34 = private unnamed_addr constant [61 x i8] c"/Users/feilaoda/workspace/lowcodecloud/Tuajit/tua/std/rt.tua\00", align 1
@tua_file.35 = private unnamed_addr constant [61 x i8] c"/Users/feilaoda/workspace/lowcodecloud/Tuajit/tua/std/rt.tua\00", align 1
@tua_file.36 = private unnamed_addr constant [67 x i8] c"/Users/feilaoda/workspace/lowcodecloud/Tuajit/tua/std/fs/async.tua\00", align 1
@tua_file.37 = private unnamed_addr constant [67 x i8] c"/Users/feilaoda/workspace/lowcodecloud/Tuajit/tua/std/fs/async.tua\00", align 1
@tua_file.38 = private unnamed_addr constant [67 x i8] c"/Users/feilaoda/workspace/lowcodecloud/Tuajit/tua/std/fs/async.tua\00", align 1
@tua_file.39 = private unnamed_addr constant [67 x i8] c"/Users/feilaoda/workspace/lowcodecloud/Tuajit/tua/std/fs/async.tua\00", align 1
@tua_file.40 = private unnamed_addr constant [67 x i8] c"/Users/feilaoda/workspace/lowcodecloud/Tuajit/tua/std/fs/async.tua\00", align 1
@tua_file.41 = private unnamed_addr constant [67 x i8] c"/Users/feilaoda/workspace/lowcodecloud/Tuajit/tua/std/fs/async.tua\00", align 1
@tua_file.42 = private unnamed_addr constant [67 x i8] c"/Users/feilaoda/workspace/lowcodecloud/Tuajit/tua/std/fs/async.tua\00", align 1
@tua_file.43 = private unnamed_addr constant [67 x i8] c"/Users/feilaoda/workspace/lowcodecloud/Tuajit/tua/std/fs/async.tua\00", align 1
@tua_file.44 = private unnamed_addr constant [67 x i8] c"/Users/feilaoda/workspace/lowcodecloud/Tuajit/tua/std/fs/async.tua\00", align 1
@tua_file.45 = private unnamed_addr constant [67 x i8] c"/Users/feilaoda/workspace/lowcodecloud/Tuajit/tua/std/fs/async.tua\00", align 1
@tua_file.46 = private unnamed_addr constant [67 x i8] c"/Users/feilaoda/workspace/lowcodecloud/Tuajit/tua/std/fs/async.tua\00", align 1
@tua_file.47 = private unnamed_addr constant [67 x i8] c"/Users/feilaoda/workspace/lowcodecloud/Tuajit/tua/std/fs/async.tua\00", align 1
@tua_file.48 = private unnamed_addr constant [67 x i8] c"/Users/feilaoda/workspace/lowcodecloud/Tuajit/tua/std/fs/async.tua\00", align 1
@tua_file.49 = private unnamed_addr constant [67 x i8] c"/Users/feilaoda/workspace/lowcodecloud/Tuajit/tua/std/fs/async.tua\00", align 1
@tua_file.50 = private unnamed_addr constant [67 x i8] c"/Users/feilaoda/workspace/lowcodecloud/Tuajit/tua/std/fs/async.tua\00", align 1
@tua_file.51 = private unnamed_addr constant [67 x i8] c"/Users/feilaoda/workspace/lowcodecloud/Tuajit/tua/std/fs/async.tua\00", align 1
@tua_file.52 = private unnamed_addr constant [67 x i8] c"/Users/feilaoda/workspace/lowcodecloud/Tuajit/tua/std/fs/async.tua\00", align 1
@tua_file.53 = private unnamed_addr constant [67 x i8] c"/Users/feilaoda/workspace/lowcodecloud/Tuajit/tua/std/fs/async.tua\00", align 1
@tua_file.54 = private unnamed_addr constant [67 x i8] c"/Users/feilaoda/workspace/lowcodecloud/Tuajit/tua/std/fs/async.tua\00", align 1
@tua_file.55 = private unnamed_addr constant [67 x i8] c"/Users/feilaoda/workspace/lowcodecloud/Tuajit/tua/std/fs/async.tua\00", align 1
@tua_file.56 = private unnamed_addr constant [67 x i8] c"/Users/feilaoda/workspace/lowcodecloud/Tuajit/tua/std/fs/async.tua\00", align 1
@tua_file.57 = private unnamed_addr constant [67 x i8] c"/Users/feilaoda/workspace/lowcodecloud/Tuajit/tua/std/fs/async.tua\00", align 1
@tua_file.58 = private unnamed_addr constant [67 x i8] c"/Users/feilaoda/workspace/lowcodecloud/Tuajit/tua/std/fs/async.tua\00", align 1
@tua_file.59 = private unnamed_addr constant [85 x i8] c"/Users/feilaoda/workspace/lowcodecloud/Tuajit/tua/tests/std_rt_fs_async_readfile.tua\00", align 1
@tua_file.60 = private unnamed_addr constant [85 x i8] c"/Users/feilaoda/workspace/lowcodecloud/Tuajit/tua/tests/std_rt_fs_async_readfile.tua\00", align 1
@tua_file.61 = private unnamed_addr constant [85 x i8] c"/Users/feilaoda/workspace/lowcodecloud/Tuajit/tua/tests/std_rt_fs_async_readfile.tua\00", align 1
@tua_file.62 = private unnamed_addr constant [85 x i8] c"/Users/feilaoda/workspace/lowcodecloud/Tuajit/tua/tests/std_rt_fs_async_readfile.tua\00", align 1
@tua_file.63 = private unnamed_addr constant [85 x i8] c"/Users/feilaoda/workspace/lowcodecloud/Tuajit/tua/tests/std_rt_fs_async_readfile.tua\00", align 1
@tua_file.64 = private unnamed_addr constant [85 x i8] c"/Users/feilaoda/workspace/lowcodecloud/Tuajit/tua/tests/std_rt_fs_async_readfile.tua\00", align 1
@tua_file.65 = private unnamed_addr constant [85 x i8] c"/Users/feilaoda/workspace/lowcodecloud/Tuajit/tua/tests/std_rt_fs_async_readfile.tua\00", align 1
@tua_file.66 = private unnamed_addr constant [85 x i8] c"/Users/feilaoda/workspace/lowcodecloud/Tuajit/tua/tests/std_rt_fs_async_readfile.tua\00", align 1
@tua_file.67 = private unnamed_addr constant [85 x i8] c"/Users/feilaoda/workspace/lowcodecloud/Tuajit/tua/tests/std_rt_fs_async_readfile.tua\00", align 1
@tua_file.68 = private unnamed_addr constant [85 x i8] c"/Users/feilaoda/workspace/lowcodecloud/Tuajit/tua/tests/std_rt_fs_async_readfile.tua\00", align 1
@tua_file.69 = private unnamed_addr constant [85 x i8] c"/Users/feilaoda/workspace/lowcodecloud/Tuajit/tua/tests/std_rt_fs_async_readfile.tua\00", align 1
@tua_file.70 = private unnamed_addr constant [85 x i8] c"/Users/feilaoda/workspace/lowcodecloud/Tuajit/tua/tests/std_rt_fs_async_readfile.tua\00", align 1
@tua_file.71 = private unnamed_addr constant [85 x i8] c"/Users/feilaoda/workspace/lowcodecloud/Tuajit/tua/tests/std_rt_fs_async_readfile.tua\00", align 1
@tua_file.72 = private unnamed_addr constant [85 x i8] c"/Users/feilaoda/workspace/lowcodecloud/Tuajit/tua/tests/std_rt_fs_async_readfile.tua\00", align 1
@tua_file.73 = private unnamed_addr constant [85 x i8] c"/Users/feilaoda/workspace/lowcodecloud/Tuajit/tua/tests/std_rt_fs_async_readfile.tua\00", align 1
@tua_file.74 = private unnamed_addr constant [85 x i8] c"/Users/feilaoda/workspace/lowcodecloud/Tuajit/tua/tests/std_rt_fs_async_readfile.tua\00", align 1
@str = private unnamed_addr constant [10 x i8] c"README.md\00", align 1
@tua_file.75 = private unnamed_addr constant [85 x i8] c"/Users/feilaoda/workspace/lowcodecloud/Tuajit/tua/tests/std_rt_fs_async_readfile.tua\00", align 1
@tua_file.76 = private unnamed_addr constant [85 x i8] c"/Users/feilaoda/workspace/lowcodecloud/Tuajit/tua/tests/std_rt_fs_async_readfile.tua\00", align 1
@tua_file.77 = private unnamed_addr constant [85 x i8] c"/Users/feilaoda/workspace/lowcodecloud/Tuajit/tua/tests/std_rt_fs_async_readfile.tua\00", align 1
@tua_file.78 = private unnamed_addr constant [85 x i8] c"/Users/feilaoda/workspace/lowcodecloud/Tuajit/tua/tests/std_rt_fs_async_readfile.tua\00", align 1
@tua_file.79 = private unnamed_addr constant [85 x i8] c"/Users/feilaoda/workspace/lowcodecloud/Tuajit/tua/tests/std_rt_fs_async_readfile.tua\00", align 1
@tua_file.80 = private unnamed_addr constant [85 x i8] c"/Users/feilaoda/workspace/lowcodecloud/Tuajit/tua/tests/std_rt_fs_async_readfile.tua\00", align 1
@tua_file.81 = private unnamed_addr constant [85 x i8] c"/Users/feilaoda/workspace/lowcodecloud/Tuajit/tua/tests/std_rt_fs_async_readfile.tua\00", align 1
@tua_file.82 = private unnamed_addr constant [85 x i8] c"/Users/feilaoda/workspace/lowcodecloud/Tuajit/tua/tests/std_rt_fs_async_readfile.tua\00", align 1
@tua_file.83 = private unnamed_addr constant [85 x i8] c"/Users/feilaoda/workspace/lowcodecloud/Tuajit/tua/tests/std_rt_fs_async_readfile.tua\00", align 1
@tua_file.84 = private unnamed_addr constant [85 x i8] c"/Users/feilaoda/workspace/lowcodecloud/Tuajit/tua/tests/std_rt_fs_async_readfile.tua\00", align 1
@tua_file.85 = private unnamed_addr constant [85 x i8] c"/Users/feilaoda/workspace/lowcodecloud/Tuajit/tua/tests/std_rt_fs_async_readfile.tua\00", align 1
@tua_file.86 = private unnamed_addr constant [85 x i8] c"/Users/feilaoda/workspace/lowcodecloud/Tuajit/tua/tests/std_rt_fs_async_readfile.tua\00", align 1
@tua_file.87 = private unnamed_addr constant [85 x i8] c"/Users/feilaoda/workspace/lowcodecloud/Tuajit/tua/tests/std_rt_fs_async_readfile.tua\00", align 1
@tua_file.88 = private unnamed_addr constant [85 x i8] c"/Users/feilaoda/workspace/lowcodecloud/Tuajit/tua/tests/std_rt_fs_async_readfile.tua\00", align 1
@tua_file.89 = private unnamed_addr constant [85 x i8] c"/Users/feilaoda/workspace/lowcodecloud/Tuajit/tua/tests/std_rt_fs_async_readfile.tua\00", align 1
@tua_file.90 = private unnamed_addr constant [85 x i8] c"/Users/feilaoda/workspace/lowcodecloud/Tuajit/tua/tests/std_rt_fs_async_readfile.tua\00", align 1
@tua_file.91 = private unnamed_addr constant [85 x i8] c"/Users/feilaoda/workspace/lowcodecloud/Tuajit/tua/tests/std_rt_fs_async_readfile.tua\00", align 1
@tua_file.92 = private unnamed_addr constant [85 x i8] c"/Users/feilaoda/workspace/lowcodecloud/Tuajit/tua/tests/std_rt_fs_async_readfile.tua\00", align 1
@tua_file.93 = private unnamed_addr constant [85 x i8] c"/Users/feilaoda/workspace/lowcodecloud/Tuajit/tua/tests/std_rt_fs_async_readfile.tua\00", align 1
@tua_file.94 = private unnamed_addr constant [85 x i8] c"/Users/feilaoda/workspace/lowcodecloud/Tuajit/tua/tests/std_rt_fs_async_readfile.tua\00", align 1
@tua_file.95 = private unnamed_addr constant [85 x i8] c"/Users/feilaoda/workspace/lowcodecloud/Tuajit/tua/tests/std_rt_fs_async_readfile.tua\00", align 1
@tua_file.96 = private unnamed_addr constant [85 x i8] c"/Users/feilaoda/workspace/lowcodecloud/Tuajit/tua/tests/std_rt_fs_async_readfile.tua\00", align 1
@tua_file.97 = private unnamed_addr constant [85 x i8] c"/Users/feilaoda/workspace/lowcodecloud/Tuajit/tua/tests/std_rt_fs_async_readfile.tua\00", align 1
@tua_file.98 = private unnamed_addr constant [85 x i8] c"/Users/feilaoda/workspace/lowcodecloud/Tuajit/tua/tests/std_rt_fs_async_readfile.tua\00", align 1
@tua_file.99 = private unnamed_addr constant [85 x i8] c"/Users/feilaoda/workspace/lowcodecloud/Tuajit/tua/tests/std_rt_fs_async_readfile.tua\00", align 1
@tua_file.100 = private unnamed_addr constant [85 x i8] c"/Users/feilaoda/workspace/lowcodecloud/Tuajit/tua/tests/std_rt_fs_async_readfile.tua\00", align 1
@tua_file.101 = private unnamed_addr constant [85 x i8] c"/Users/feilaoda/workspace/lowcodecloud/Tuajit/tua/tests/std_rt_fs_async_readfile.tua\00", align 1
@tua_file.102 = private unnamed_addr constant [85 x i8] c"/Users/feilaoda/workspace/lowcodecloud/Tuajit/tua/tests/std_rt_fs_async_readfile.tua\00", align 1
@tua_file.103 = private unnamed_addr constant [85 x i8] c"/Users/feilaoda/workspace/lowcodecloud/Tuajit/tua/tests/std_rt_fs_async_readfile.tua\00", align 1

define i32 @main(i32 %0, ptr %1) {
entry:
  %_Users_feilaoda_workspace_lowcodecloud_Tuajit_tua_tests_std_rt_fs_async_readfile_tua__ok = alloca i32, align 4
  %_Users_feilaoda_workspace_lowcodecloud_Tuajit_tua_tests_std_rt_fs_async_readfile_tua__wq = alloca ptr, align 8
  %_Users_feilaoda_workspace_lowcodecloud_Tuajit_tua_tests_std_rt_fs_async_readfile_tua__loop = alloca ptr, align 8
  %ARGV = alloca ptr, align 8
  %argc64 = sext i32 %0 to i64
  %argv_arr = call ptr @tua_array_new(i64 0, i64 %argc64, i64 ptrtoint (ptr getelementptr (ptr, ptr null, i32 1) to i64), i64 -1)
  store ptr %argv_arr, ptr %ARGV, align 8
  %argv_i = alloca i32, align 4
  store i32 0, ptr %argv_i, align 4
  %argv_tmp = alloca ptr, align 8
  br label %argv.cond

argv.cond:                                        ; preds = %argv.body, %entry
  %i = load i32, ptr %argv_i, align 4
  %i_lt_argc = icmp slt i32 %i, %0
  br i1 %i_lt_argc, label %argv.body, label %argv.end

argv.body:                                        ; preds = %argv.cond
  %i64 = sext i32 %i to i64
  %argv_gep = getelementptr inbounds ptr, ptr %1, i64 %i64
  %argv_s = load ptr, ptr %argv_gep, align 8
  store ptr %argv_s, ptr %argv_tmp, align 8
  %2 = call i64 @tua_array_push(ptr %argv_arr, ptr %argv_tmp)
  %inc = add i32 %i, 1
  store i32 %inc, ptr %argv_i, align 4
  br label %argv.cond

argv.end:                                         ; preds = %argv.cond
  call void @tua_set_loc(ptr @tua_file.59, i32 4, i32 29)
  %call = call ptr @_Users_feilaoda_workspace_lowcodecloud_Tuajit_tua_std_rt_tua__Rt__loopCreate()
  store ptr %call, ptr %_Users_feilaoda_workspace_lowcodecloud_Tuajit_tua_tests_std_rt_fs_async_readfile_tua__loop, align 8
  call void @tua_set_loc(ptr @tua_file.60, i32 5, i32 20)
  call void @tua_set_loc(ptr @tua_file.61, i32 5, i32 13)
  call void @tua_set_loc(ptr @tua_file.62, i32 5, i32 8)
  %load = load ptr, ptr %_Users_feilaoda_workspace_lowcodecloud_Tuajit_tua_tests_std_rt_fs_async_readfile_tua__loop, align 8
  call void @tua_set_loc(ptr @tua_file.63, i32 5, i32 16)
  %l_null = icmp eq ptr %load, null
  %either_null = or i1 %l_null, true
  %both_null = and i1 %l_null, true
  br i1 %either_null, label %str.null, label %str.cmp

str.null:                                         ; preds = %argv.end
  %null_neq = xor i1 %both_null, true
  br label %str.cont

str.cmp:                                          ; preds = %argv.end
  %strcmp = call i32 @strcmp(ptr %load, ptr null)
  %strneq = icmp ne i32 %strcmp, 0
  br label %str.cont

str.cont:                                         ; preds = %str.cmp, %str.null
  %str_phi = phi i1 [ %null_neq, %str.null ], [ %strneq, %str.cmp ]
  br i1 %str_phi, label %assert.ok, label %assert.fail

assert.ok:                                        ; preds = %str.cont
  br label %assert.cont

assert.fail:                                      ; preds = %str.cont
  call void @tua_assert_fail(ptr null, i32 5)
  unreachable

assert.cont:                                      ; preds = %assert.ok
  call void @tua_set_loc(ptr @tua_file.64, i32 7, i32 33)
  call void @tua_set_loc(ptr @tua_file.65, i32 7, i32 32)
  %call1 = call ptr @_Users_feilaoda_workspace_lowcodecloud_Tuajit_tua_std_rt_tua__Rt__workqueueCreate(i32 1)
  store ptr %call1, ptr %_Users_feilaoda_workspace_lowcodecloud_Tuajit_tua_tests_std_rt_fs_async_readfile_tua__wq, align 8
  call void @tua_set_loc(ptr @tua_file.66, i32 8, i32 18)
  call void @tua_set_loc(ptr @tua_file.67, i32 8, i32 11)
  call void @tua_set_loc(ptr @tua_file.68, i32 8, i32 8)
  %load2 = load ptr, ptr %_Users_feilaoda_workspace_lowcodecloud_Tuajit_tua_tests_std_rt_fs_async_readfile_tua__wq, align 8
  call void @tua_set_loc(ptr @tua_file.69, i32 8, i32 14)
  %l_null3 = icmp eq ptr %load2, null
  %either_null4 = or i1 %l_null3, true
  %both_null5 = and i1 %l_null3, true
  br i1 %either_null4, label %str.null6, label %str.cmp7

str.null6:                                        ; preds = %assert.cont
  %null_neq9 = xor i1 %both_null5, true
  br label %str.cont8

str.cmp7:                                         ; preds = %assert.cont
  %strcmp10 = call i32 @strcmp(ptr %load2, ptr null)
  %strneq11 = icmp ne i32 %strcmp10, 0
  br label %str.cont8

str.cont8:                                        ; preds = %str.cmp7, %str.null6
  %str_phi12 = phi i1 [ %null_neq9, %str.null6 ], [ %strneq11, %str.cmp7 ]
  br i1 %str_phi12, label %assert.ok13, label %assert.fail14

assert.ok13:                                      ; preds = %str.cont8
  br label %assert.cont15

assert.fail14:                                    ; preds = %str.cont8
  call void @tua_assert_fail(ptr null, i32 8)
  unreachable

assert.cont15:                                    ; preds = %assert.ok13
  call void @tua_set_loc(ptr @tua_file.70, i32 10, i32 10)
  store i32 0, ptr %_Users_feilaoda_workspace_lowcodecloud_Tuajit_tua_tests_std_rt_fs_async_readfile_tua__ok, align 4
  call void @tua_set_loc(ptr @tua_file.71, i32 19, i32 2)
  call void @tua_set_loc(ptr @tua_file.72, i32 12, i32 21)
  %load16 = load ptr, ptr %_Users_feilaoda_workspace_lowcodecloud_Tuajit_tua_tests_std_rt_fs_async_readfile_tua__loop, align 8
  call void @tua_set_loc(ptr @tua_file.73, i32 12, i32 27)
  %load17 = load ptr, ptr %_Users_feilaoda_workspace_lowcodecloud_Tuajit_tua_tests_std_rt_fs_async_readfile_tua__wq, align 8
  call void @tua_set_loc(ptr @tua_file.74, i32 12, i32 31)
  call void @tua_set_loc(ptr @tua_file.75, i32 12, i32 44)
  %malloc = call ptr @malloc(i64 ptrtoint (ptr getelementptr (%__env_0, ptr null, i32 1) to i64))
  %env_gep = getelementptr inbounds nuw %__env_0, ptr %malloc, i32 0, i32 1
  store ptr %_Users_feilaoda_workspace_lowcodecloud_Tuajit_tua_tests_std_rt_fs_async_readfile_tua__ok, ptr %env_gep, align 8
  %env_gep18 = getelementptr inbounds nuw %__env_0, ptr %malloc, i32 0, i32 3
  store ptr %_Users_feilaoda_workspace_lowcodecloud_Tuajit_tua_tests_std_rt_fs_async_readfile_tua__loop, ptr %env_gep18, align 8
  %c1 = insertvalue { ptr, ptr } { ptr @_Users_feilaoda_workspace_lowcodecloud_Tuajit_tua_tests_std_rt_fs_async_readfile_tua__lambda_0, ptr undef }, ptr %malloc, 1
  %call19 = call i32 @_Users_feilaoda_workspace_lowcodecloud_Tuajit_tua_std_fs_async_tua__FsAsync__readFile(ptr %load16, ptr %load17, ptr @str, { ptr, ptr } %c1)
  call void @tua_set_loc(ptr @tua_file.94, i32 21, i32 19)
  call void @tua_set_loc(ptr @tua_file.95, i32 21, i32 15)
  %load20 = load ptr, ptr %_Users_feilaoda_workspace_lowcodecloud_Tuajit_tua_tests_std_rt_fs_async_readfile_tua__loop, align 8
  %call21 = call i32 @_Users_feilaoda_workspace_lowcodecloud_Tuajit_tua_std_rt_tua__Rt__loopRun(ptr %load20)
  call void @tua_set_loc(ptr @tua_file.96, i32 22, i32 15)
  call void @tua_set_loc(ptr @tua_file.97, i32 22, i32 11)
  call void @tua_set_loc(ptr @tua_file.98, i32 22, i32 8)
  %load22 = load i32, ptr %_Users_feilaoda_workspace_lowcodecloud_Tuajit_tua_tests_std_rt_fs_async_readfile_tua__ok, align 4
  call void @tua_set_loc(ptr @tua_file.99, i32 22, i32 14)
  %icmp_eq = icmp eq i32 %load22, 1
  br i1 %icmp_eq, label %assert.ok23, label %assert.fail24

assert.ok23:                                      ; preds = %assert.cont15
  br label %assert.cont25

assert.fail24:                                    ; preds = %assert.cont15
  call void @tua_assert_fail(ptr null, i32 22)
  unreachable

assert.cont25:                                    ; preds = %assert.ok23
  call void @tua_set_loc(ptr @tua_file.100, i32 24, i32 23)
  call void @tua_set_loc(ptr @tua_file.101, i32 24, i32 21)
  %load26 = load ptr, ptr %_Users_feilaoda_workspace_lowcodecloud_Tuajit_tua_tests_std_rt_fs_async_readfile_tua__wq, align 8
  call void @_Users_feilaoda_workspace_lowcodecloud_Tuajit_tua_std_rt_tua__Rt__workqueueFree(ptr %load26)
  call void @tua_set_loc(ptr @tua_file.102, i32 25, i32 20)
  call void @tua_set_loc(ptr @tua_file.103, i32 25, i32 16)
  %load27 = load ptr, ptr %_Users_feilaoda_workspace_lowcodecloud_Tuajit_tua_tests_std_rt_fs_async_readfile_tua__loop, align 8
  call void @_Users_feilaoda_workspace_lowcodecloud_Tuajit_tua_std_rt_tua__Rt__loopFree(ptr %load27)
  ret i32 0
}

declare ptr @tua_array_new(i64, i64, i64, i64)

declare i64 @tua_array_push(ptr, ptr)

define void @_Users_feilaoda_workspace_lowcodecloud_Tuajit_tua_std_rt_tua__Rt__free(ptr %0) {
entry:
  %p = alloca ptr, align 8
  store ptr %0, ptr %p, align 8
  br label %tailrecurse

tailrecurse:                                      ; preds = %entry
  call void @tua_set_loc(ptr @tua_file, i32 9, i32 14)
  call void @tua_set_loc(ptr @tua_file.1, i32 9, i32 12)
  %load = load ptr, ptr %p, align 8
  call void @tua_set_loc(ptr @tua_file.2, i32 9, i32 17)
  %l_null = icmp eq ptr %load, null
  %either_null = or i1 %l_null, true
  %both_null = and i1 %l_null, true
  br i1 %either_null, label %str.null, label %str.cmp

str.null:                                         ; preds = %tailrecurse
  %null_neq = xor i1 %both_null, true
  br label %str.cont

str.cmp:                                          ; preds = %tailrecurse
  %strcmp = call i32 @strcmp(ptr %load, ptr null)
  %strneq = icmp ne i32 %strcmp, 0
  br label %str.cont

str.cont:                                         ; preds = %str.cmp, %str.null
  %str_phi = phi i1 [ %null_neq, %str.null ], [ %strneq, %str.cmp ]
  br i1 %str_phi, label %if.then, label %if.end

if.then:                                          ; preds = %str.cont
  call void @tua_set_loc(ptr @tua_file.3, i32 10, i32 23)
  call void @tua_set_loc(ptr @tua_file.4, i32 10, i32 22)
  %load1 = load ptr, ptr %p, align 8
  call void @tua_free(ptr %load1)
  br label %if.end

if.end:                                           ; preds = %if.then, %str.cont
  ret void
}

declare void @tua_set_loc(ptr, i32, i32)

declare i32 @strcmp(ptr, ptr)

declare void @tua_free(ptr)

define i64 @_Users_feilaoda_workspace_lowcodecloud_Tuajit_tua_std_rt_tua__Rt__deadlineAfterMs(i32 %0) {
entry:
  %ms = alloca i32, align 4
  store i32 %0, ptr %ms, align 4
  br label %tailrecurse

tailrecurse:                                      ; preds = %entry
  call void @tua_set_loc(ptr @tua_file.5, i32 15, i32 15)
  call void @tua_set_loc(ptr @tua_file.6, i32 15, i32 12)
  %load = load i32, ptr %ms, align 4
  call void @tua_set_loc(ptr @tua_file.7, i32 15, i32 18)
  %icmp_le = icmp sle i32 %load, 0
  br i1 %icmp_le, label %if.then, label %if.end

if.then:                                          ; preds = %tailrecurse
  call void @tua_set_loc(ptr @tua_file.8, i32 16, i32 20)
  ret i64 0

if.end:                                           ; preds = %tailrecurse
  call void @tua_set_loc(ptr @tua_file.9, i32 18, i32 40)
  call void @tua_set_loc(ptr @tua_file.10, i32 18, i32 38)
  %load1 = load i32, ptr %ms, align 4
  %sext = sext i32 %load1 to i64
  %deadline = call i64 @tua_deadline_after_ms(i64 %sext)
  ret i64 %deadline
}

declare i64 @tua_deadline_after_ms(i64)

define ptr @_Users_feilaoda_workspace_lowcodecloud_Tuajit_tua_std_rt_tua__Rt__loopCreate() {
entry:
  %err = alloca i32, align 4
  %loop = alloca ptr, align 8
  br label %tailrecurse

tailrecurse:                                      ; preds = %entry
  call void @tua_set_loc(ptr @tua_file.11, i32 22, i32 25)
  store ptr null, ptr %loop, align 8
  call void @tua_set_loc(ptr @tua_file.12, i32 23, i32 40)
  call void @tua_set_loc(ptr @tua_file.13, i32 23, i32 35)
  %err1 = call i32 @tua_loop_create(ptr %loop)
  store i32 %err1, ptr %err, align 4
  call void @tua_set_loc(ptr @tua_file.14, i32 24, i32 16)
  call void @tua_set_loc(ptr @tua_file.15, i32 24, i32 12)
  %load = load i32, ptr %err, align 4
  call void @tua_set_loc(ptr @tua_file.16, i32 24, i32 19)
  %icmp_ne = icmp ne i32 %load, 0
  br i1 %icmp_ne, label %if.then, label %if.end

if.then:                                          ; preds = %tailrecurse
  call void @tua_set_loc(ptr @tua_file.17, i32 25, i32 20)
  ret ptr null

if.end:                                           ; preds = %tailrecurse
  call void @tua_set_loc(ptr @tua_file.18, i32 27, i32 16)
  %load2 = load ptr, ptr %loop, align 8
  ret ptr %load2
}

declare i32 @tua_loop_create(ptr)

define i32 @_Users_feilaoda_workspace_lowcodecloud_Tuajit_tua_std_rt_tua__Rt__loopRun(ptr %0) {
entry:
  %loop = alloca ptr, align 8
  store ptr %0, ptr %loop, align 8
  br label %tailrecurse

tailrecurse:                                      ; preds = %entry
  call void @tua_set_loc(ptr @tua_file.19, i32 31, i32 33)
  call void @tua_set_loc(ptr @tua_file.20, i32 31, i32 29)
  %load = load ptr, ptr %loop, align 8
  %err = call i32 @tua_loop_run(ptr %load)
  ret i32 %err
}

declare i32 @tua_loop_run(ptr)

define void @_Users_feilaoda_workspace_lowcodecloud_Tuajit_tua_std_rt_tua__Rt__loopStop(ptr %0) {
entry:
  %loop = alloca ptr, align 8
  store ptr %0, ptr %loop, align 8
  br label %tailrecurse

tailrecurse:                                      ; preds = %entry
  call void @tua_set_loc(ptr @tua_file.21, i32 35, i32 27)
  call void @tua_set_loc(ptr @tua_file.22, i32 35, i32 23)
  %load = load ptr, ptr %loop, align 8
  call void @tua_loop_stop(ptr %load)
  ret void
}

declare void @tua_loop_stop(ptr)

define void @_Users_feilaoda_workspace_lowcodecloud_Tuajit_tua_std_rt_tua__Rt__loopFree(ptr %0) {
entry:
  %loop = alloca ptr, align 8
  store ptr %0, ptr %loop, align 8
  br label %tailrecurse

tailrecurse:                                      ; preds = %entry
  call void @tua_set_loc(ptr @tua_file.23, i32 39, i32 27)
  call void @tua_set_loc(ptr @tua_file.24, i32 39, i32 23)
  %load = load ptr, ptr %loop, align 8
  call void @tua_loop_free(ptr %load)
  ret void
}

declare void @tua_loop_free(ptr)

define ptr @_Users_feilaoda_workspace_lowcodecloud_Tuajit_tua_std_rt_tua__Rt__workqueueCreate(i32 %0) {
entry:
  %err = alloca i32, align 4
  %wq = alloca ptr, align 8
  %threads = alloca i32, align 4
  store i32 %0, ptr %threads, align 4
  br label %tailrecurse

tailrecurse:                                      ; preds = %entry
  call void @tua_set_loc(ptr @tua_file.25, i32 43, i32 23)
  store ptr null, ptr %wq, align 8
  call void @tua_set_loc(ptr @tua_file.26, i32 44, i32 52)
  call void @tua_set_loc(ptr @tua_file.27, i32 44, i32 40)
  call void @tua_set_loc(ptr @tua_file.28, i32 44, i32 45)
  %load = load i32, ptr %threads, align 4
  %err1 = call i32 @tua_workqueue_create(ptr %wq, i32 %load)
  store i32 %err1, ptr %err, align 4
  call void @tua_set_loc(ptr @tua_file.29, i32 45, i32 16)
  call void @tua_set_loc(ptr @tua_file.30, i32 45, i32 12)
  %load2 = load i32, ptr %err, align 4
  call void @tua_set_loc(ptr @tua_file.31, i32 45, i32 19)
  %icmp_ne = icmp ne i32 %load2, 0
  br i1 %icmp_ne, label %if.then, label %if.end

if.then:                                          ; preds = %tailrecurse
  call void @tua_set_loc(ptr @tua_file.32, i32 46, i32 20)
  ret ptr null

if.end:                                           ; preds = %tailrecurse
  call void @tua_set_loc(ptr @tua_file.33, i32 48, i32 16)
  %load3 = load ptr, ptr %wq, align 8
  ret ptr %load3
}

declare i32 @tua_workqueue_create(ptr, i32)

define void @_Users_feilaoda_workspace_lowcodecloud_Tuajit_tua_std_rt_tua__Rt__workqueueFree(ptr %0) {
entry:
  %wq = alloca ptr, align 8
  store ptr %0, ptr %wq, align 8
  br label %tailrecurse

tailrecurse:                                      ; preds = %entry
  call void @tua_set_loc(ptr @tua_file.34, i32 52, i32 30)
  call void @tua_set_loc(ptr @tua_file.35, i32 52, i32 28)
  %load = load ptr, ptr %wq, align 8
  call void @tua_workqueue_free(ptr %load)
  ret void
}

declare void @tua_workqueue_free(ptr)

define i32 @_Users_feilaoda_workspace_lowcodecloud_Tuajit_tua_std_fs_async_tua__FsAsync__readFile(ptr %0, ptr %1, ptr %2, { ptr, ptr } %3) {
entry:
  %loop = alloca ptr, align 8
  store ptr %0, ptr %loop, align 8
  %wq = alloca ptr, align 8
  store ptr %1, ptr %wq, align 8
  %path = alloca ptr, align 8
  store ptr %2, ptr %path, align 8
  %cb = alloca { ptr, ptr }, align 8
  store { ptr, ptr } %3, ptr %cb, align 8
  br label %tailrecurse

tailrecurse:                                      ; preds = %entry
  call void @tua_set_loc(ptr @tua_file.36, i32 7, i32 65)
  call void @tua_set_loc(ptr @tua_file.37, i32 7, i32 47)
  %load = load ptr, ptr %loop, align 8
  call void @tua_set_loc(ptr @tua_file.38, i32 7, i32 53)
  %load1 = load ptr, ptr %wq, align 8
  call void @tua_set_loc(ptr @tua_file.39, i32 7, i32 57)
  %load2 = load ptr, ptr %path, align 8
  call void @tua_set_loc(ptr @tua_file.40, i32 7, i32 63)
  %load3 = load { ptr, ptr }, ptr %cb, align 8
  %err = call i32 @tua_fs_readfile_alloc_async_cl(ptr %load, ptr %load1, ptr %load2, { ptr, ptr } %load3)
  ret i32 %err
}

declare i32 @tua_fs_readfile_alloc_async_cl(ptr, ptr, ptr, { ptr, ptr })

define i32 @_Users_feilaoda_workspace_lowcodecloud_Tuajit_tua_std_fs_async_tua__FsAsync__writeFile(ptr %0, ptr %1, ptr %2, ptr %3, { ptr, ptr } %4) {
entry:
  %loop = alloca ptr, align 8
  store ptr %0, ptr %loop, align 8
  %wq = alloca ptr, align 8
  store ptr %1, ptr %wq, align 8
  %path = alloca ptr, align 8
  store ptr %2, ptr %path, align 8
  %data = alloca ptr, align 8
  store ptr %3, ptr %data, align 8
  %cb = alloca { ptr, ptr }, align 8
  store { ptr, ptr } %4, ptr %cb, align 8
  br label %tailrecurse

tailrecurse:                                      ; preds = %entry
  call void @tua_set_loc(ptr @tua_file.41, i32 12, i32 70)
  call void @tua_set_loc(ptr @tua_file.42, i32 12, i32 46)
  %load = load ptr, ptr %loop, align 8
  call void @tua_set_loc(ptr @tua_file.43, i32 12, i32 52)
  %load1 = load ptr, ptr %wq, align 8
  call void @tua_set_loc(ptr @tua_file.44, i32 12, i32 56)
  %load2 = load ptr, ptr %path, align 8
  call void @tua_set_loc(ptr @tua_file.45, i32 12, i32 62)
  %load3 = load ptr, ptr %data, align 8
  call void @tua_set_loc(ptr @tua_file.46, i32 12, i32 68)
  %load4 = load { ptr, ptr }, ptr %cb, align 8
  %err = call i32 @tua_fs_writefile_str_async_cl(ptr %load, ptr %load1, ptr %load2, ptr %load3, { ptr, ptr } %load4)
  ret i32 %err
}

declare i32 @tua_fs_writefile_str_async_cl(ptr, ptr, ptr, ptr, { ptr, ptr })

define i32 @_Users_feilaoda_workspace_lowcodecloud_Tuajit_tua_std_fs_async_tua__FsAsync__stat(ptr %0, ptr %1, ptr %2, { ptr, ptr } %3) {
entry:
  %loop = alloca ptr, align 8
  store ptr %0, ptr %loop, align 8
  %wq = alloca ptr, align 8
  store ptr %1, ptr %wq, align 8
  %path = alloca ptr, align 8
  store ptr %2, ptr %path, align 8
  %cb = alloca { ptr, ptr }, align 8
  store { ptr, ptr } %3, ptr %cb, align 8
  br label %tailrecurse

tailrecurse:                                      ; preds = %entry
  call void @tua_set_loc(ptr @tua_file.47, i32 17, i32 55)
  call void @tua_set_loc(ptr @tua_file.48, i32 17, i32 37)
  %load = load ptr, ptr %loop, align 8
  call void @tua_set_loc(ptr @tua_file.49, i32 17, i32 43)
  %load1 = load ptr, ptr %wq, align 8
  call void @tua_set_loc(ptr @tua_file.50, i32 17, i32 47)
  %load2 = load ptr, ptr %path, align 8
  call void @tua_set_loc(ptr @tua_file.51, i32 17, i32 53)
  %load3 = load { ptr, ptr }, ptr %cb, align 8
  %err = call i32 @tua_fs_stat_async_cl(ptr %load, ptr %load1, ptr %load2, { ptr, ptr } %load3)
  ret i32 %err
}

declare i32 @tua_fs_stat_async_cl(ptr, ptr, ptr, { ptr, ptr })

define i32 @_Users_feilaoda_workspace_lowcodecloud_Tuajit_tua_std_fs_async_tua__FsAsync__readdir(ptr %0, ptr %1, ptr %2, { ptr, ptr } %3) {
entry:
  %loop = alloca ptr, align 8
  store ptr %0, ptr %loop, align 8
  %wq = alloca ptr, align 8
  store ptr %1, ptr %wq, align 8
  %path = alloca ptr, align 8
  store ptr %2, ptr %path, align 8
  %cb = alloca { ptr, ptr }, align 8
  store { ptr, ptr } %3, ptr %cb, align 8
  br label %tailrecurse

tailrecurse:                                      ; preds = %entry
  call void @tua_set_loc(ptr @tua_file.52, i32 23, i32 58)
  call void @tua_set_loc(ptr @tua_file.53, i32 23, i32 40)
  %load = load ptr, ptr %loop, align 8
  call void @tua_set_loc(ptr @tua_file.54, i32 23, i32 46)
  %load1 = load ptr, ptr %wq, align 8
  call void @tua_set_loc(ptr @tua_file.55, i32 23, i32 50)
  %load2 = load ptr, ptr %path, align 8
  call void @tua_set_loc(ptr @tua_file.56, i32 23, i32 56)
  %load3 = load { ptr, ptr }, ptr %cb, align 8
  %err = call i32 @tua_fs_readdir_async_cl(ptr %load, ptr %load1, ptr %load2, { ptr, ptr } %load3)
  ret i32 %err
}

declare i32 @tua_fs_readdir_async_cl(ptr, ptr, ptr, { ptr, ptr })

define void @_Users_feilaoda_workspace_lowcodecloud_Tuajit_tua_std_fs_async_tua__FsAsync__freeStringArray(ptr %0) {
entry:
  %names = alloca ptr, align 8
  store ptr %0, ptr %names, align 8
  br label %tailrecurse

tailrecurse:                                      ; preds = %entry
  call void @tua_set_loc(ptr @tua_file.57, i32 27, i32 39)
  call void @tua_set_loc(ptr @tua_file.58, i32 27, i32 34)
  %load = load ptr, ptr %names, align 8
  call void @tua_fs_string_array_free(ptr %load)
  ret void
}

declare void @tua_fs_string_array_free(ptr)

declare void @tua_assert_fail(ptr, i32)

define void @_Users_feilaoda_workspace_lowcodecloud_Tuajit_tua_tests_std_rt_fs_async_readfile_tua__lambda_0(ptr %0, i32 %1, ptr %2, i32 %3) {
entry:
  %cap_gep = getelementptr inbounds nuw %__env_0, ptr %0, i32 0, i32 0
  %cap = load ptr, ptr %cap_gep, align 8
  %assert = alloca ptr, align 8
  store ptr %cap, ptr %assert, align 8
  %cap_gep1 = getelementptr inbounds nuw %__env_0, ptr %0, i32 0, i32 1
  %cap2 = load ptr, ptr %cap_gep1, align 8
  %ok = alloca ptr, align 8
  store ptr %cap2, ptr %ok, align 8
  %cap_gep3 = getelementptr inbounds nuw %__env_0, ptr %0, i32 0, i32 2
  %cap4 = load ptr, ptr %cap_gep3, align 8
  %rt = alloca ptr, align 8
  store ptr %cap4, ptr %rt, align 8
  %cap_gep5 = getelementptr inbounds nuw %__env_0, ptr %0, i32 0, i32 3
  %cap6 = load ptr, ptr %cap_gep5, align 8
  %loop = alloca ptr, align 8
  store ptr %cap6, ptr %loop, align 8
  %err = alloca ptr, align 8
  %malloc = call ptr @malloc(i64 ptrtoint (ptr getelementptr (i32, ptr null, i32 1) to i64))
  store i32 %1, ptr %malloc, align 4
  store ptr %malloc, ptr %err, align 8
  %data = alloca ptr, align 8
  %malloc7 = call ptr @malloc(i64 ptrtoint (ptr getelementptr (ptr, ptr null, i32 1) to i64))
  store ptr %2, ptr %malloc7, align 8
  store ptr %malloc7, ptr %data, align 8
  %n = alloca ptr, align 8
  %malloc8 = call ptr @malloc(i64 ptrtoint (ptr getelementptr (i32, ptr null, i32 1) to i64))
  store i32 %3, ptr %malloc8, align 4
  store ptr %malloc8, ptr %n, align 8
  call void @tua_set_loc(ptr @tua_file.76, i32 13, i32 20)
  call void @tua_set_loc(ptr @tua_file.77, i32 13, i32 16)
  call void @tua_set_loc(ptr @tua_file.78, i32 13, i32 12)
  %boxptr = load ptr, ptr %err, align 8
  %load = load i32, ptr %boxptr, align 4
  call void @tua_set_loc(ptr @tua_file.79, i32 13, i32 19)
  %icmp_eq = icmp eq i32 %load, 0
  br i1 %icmp_eq, label %assert.ok, label %assert.fail

assert.ok:                                        ; preds = %entry
  br label %assert.cont

assert.fail:                                      ; preds = %entry
  call void @tua_assert_fail(ptr null, i32 13)
  unreachable

assert.cont:                                      ; preds = %assert.ok
  call void @tua_set_loc(ptr @tua_file.80, i32 14, i32 24)
  call void @tua_set_loc(ptr @tua_file.81, i32 14, i32 17)
  call void @tua_set_loc(ptr @tua_file.82, i32 14, i32 12)
  %boxptr9 = load ptr, ptr %data, align 8
  %load10 = load ptr, ptr %boxptr9, AddressSanitizer:DEADLYSIGNAL
=================================================================
==23968==ERROR: AddressSanitizer: SEGV on unknown address 0x000000000000 (pc 0x000000000000 bp 0x000000000001 sp 0x7ff7b8c15418 T0)
==23968==Hint: pc points to the zero page.
==23968==The signal is caused by a READ memory access.
==23968==Hint: address points to the zero page.
    #0 0x0  (<unknown module>)

==23968==Register values:
rax = 0x0000000000000000  rbx = 0x0000602000000cd0  rcx = 0xffffffffffffffff  rdx = 0x0000000000000008  
rdi = 0x0000000000000000  rsi = 0x0000000000000001  rbp = 0x0000000000000001  rsp = 0x00007ff7b8c15418  
 r8 = 0x000061a000000f20   r9 = 0x00000000ffffff00  r10 = 0x0000000000000000  r11 = 0x0000000000000000  
r12 = 0x00007ff7b8c15e10  r13 = 0x0000000000000000  r14 = 0x00000001072eda70  r15 = 0x00007ff7b8c15f80  
AddressSanitizer can not provide additional info.
SUMMARY: AddressSanitizer: SEGV (<unknown module>) 
==23968==ABORTING
align 8
  call void @tua_set_loc(ptr @tua_file.83, i32 14, i32 20)
  %l_null = icmp eq ptr %load10, null
  %either_null = or i1 %l_null, true
  %both_null = and i1 %l_null, true
  br i1 %either_null, label %str.null, label %str.cmp

str.null:                                         ; preds = %assert.cont
  %null_neq = xor i1 %both_null, true
  br label %str.cont

str.cmp:                                          ; preds = %assert.cont
  %strcmp = call i32 @strcmp(ptr %load10, ptr null)
  %strneq = icmp ne i32 %strcmp, 0
  br label %str.cont

str.cont:                                         ; preds = %str.cmp, %str.null
  %str_phi = phi i1 [ %null_neq, %str.null ], [ %strneq, %str.cmp ]
  br i1 %str_phi, label %assert.ok11, label %assert.fail12

assert.ok11:                                      ; preds = %str.cont
  br label %assert.cont13

assert.fail12:                                    ; preds = %str.cont
  call void @tua_assert_fail(ptr null, i32 14)
  unreachable

assert.cont13:                                    ; preds = %assert.ok11
  call void @tua_set_loc(ptr @tua_file.84, i32 15, i32 17)
  call void @tua_set_loc(ptr @tua_file.85, i32 15, i32 14)
  call void @tua_set_loc(ptr @tua_file.86, i32 15, i32 12)
  %boxptr14 = load ptr, ptr %n, align 8
  %load15 = load i32, ptr %boxptr14, align 4
  call void @tua_set_loc(ptr @tua_file.87, i32 15, i32 16)
  %icmp_gt = icmp sgt i32 %load15, 0
  br i1 %icmp_gt, label %assert.ok16, label %assert.fail17

assert.ok16:                                      ; preds = %assert.cont13
  br label %assert.cont18

assert.fail17:                                    ; preds = %assert.cont13
  call void @tua_assert_fail(ptr null, i32 15)
  unreachable

assert.cont18:                                    ; preds = %assert.ok16
  call void @tua_set_loc(ptr @tua_file.88, i32 16, i32 5)
  call void @tua_set_loc(ptr @tua_file.89, i32 16, i32 10)
  %boxptr19 = load ptr, ptr %ok, align 8
  store i32 1, ptr %boxptr19, align 4
  call void @tua_set_loc(ptr @tua_file.90, i32 17, i32 20)
  call void @tua_set_loc(ptr @tua_file.91, i32 17, i32 16)
  %boxptr20 = load ptr, ptr %data, align 8
  %load21 = load ptr, ptr %boxptr20, align 8
  call void @_Users_feilaoda_workspace_lowcodecloud_Tuajit_tua_std_rt_tua__Rt__free(ptr %load21)
  call void @tua_set_loc(ptr @tua_file.92, i32 18, i32 24)
  call void @tua_set_loc(ptr @tua_file.93, i32 18, i32 20)
  %boxptr22 = load ptr, ptr %loop, align 8
  %load23 = load ptr, ptr %boxptr22, align 8
  call void @_Users_feilaoda_workspace_lowcodecloud_Tuajit_tua_std_rt_tua__Rt__loopStop(ptr %load23)
  ret void
}

declare ptr @malloc(i64)

